"","SampleID","Experiment","Farm","Year","farm_number","section","row","block","section_block","farm_block","year_farm_block","farm_section_block","year_farm_section_block","farm_section_block_treatment","year_farm_section_block_treatment","Sample_type","DNA","DNA_sample_name","DNA_seq_number","DNA_plate_number","DNA_col","DNA_row","Tissue","DNA_control","Treatment","Seed_source","Disinfection","Inoculation","plot_level","soil_moisture_at_planting","plants_at_planting","approx_plants_at_harvest","cob.weight.grams","cob_weight_g_plot_avg","max_cob_weight_plot","is_disease_score","seed_weight_g_plot","seed_weight_g_block","lb_seeds_plot","lb_seeds_block","cob_count_wk12","cob_count","cobs_per_plant","seeds_per_cob_g","Seeds_per_plant","disease","disease_plot_avg","Height","Height_avg","copies_ITS_all","copies_Fus_all","copies_Fverti_all","copies_Fum_all","perc_Fus_ITS","perc_Fvert_Fus","perc_Fum_Fus","log_copies_ITS_all","log_copies_Fus_all","log_copies_Fverti_all","log_copies_Fum_all","Observed","Chao1","se.chao1","ACE","se.ACE","Shannon","Simpson","InvSimpson","Fisher","Richness_raref","Richness_raref_sd","Inverse_Simpson_raref","Inverse_Simpson_raref_sd"
"Sample283","Sample283","2","PC","2014","","","","","","","","","","","2014","Soil","1","Soil.14.PC.1","283","3","12","C","Soil","0","","","","","","",NA,NA,NA,NA,NA,NA,NA,NA,NA,NA,NA,NA,NA,NA,NA,NA,NA,NA,NA,NA,NA,NA,NA,NA,NA,NA,NA,NA,NA,NA,275,333.717391304348,17.9151142224129,339.091293892254,9.14915606331063,4.28343160262904,0.975954202176134,41.5873079913972,62.4003538381376,16.14,1.62069943748576,13.9299838620272,2.3363223940283
"Sample35","Sample35","1","PC","2014","2","1","2","2","1.2","2.2","2014.2.2","PC.1.2","2014.PC.1.2","2.1.2.1","2014.2.1.2.1","Crown","1","PC.14.CR8.1.2.1","35","1","5","C","Crown","0","1","4","0","0","0","",NA,NA,NA,NA,NA,NA,NA,NA,NA,NA,NA,NA,NA,NA,NA,0.6824451811,NA,NA,NA,NA,4.3549476889,NA,NA,NA,NA,NA,NA,0.7287552327,NA,NA,45,73.875,16.6922213924136,90.4089997772332,5.83050366955297,2.61381370634592,0.879856055363322,8.32334915441685,12.7166916545362,9.73,1.58180947402689,6.59565821965693,1.50246410965735
"Sample284","Sample284","2","PC","2014","","","","","","","","","","","2014","Soil","1","Soil.14.PC.2","284","3","12","D","Soil","0","","","","","","",NA,NA,NA,NA,NA,NA,NA,NA,NA,NA,NA,NA,NA,NA,NA,NA,NA,NA,NA,NA,NA,NA,NA,NA,NA,NA,NA,NA,NA,NA,326,379.2,15.8959845717874,392.159486051439,9.82936686273975,4.48280531382313,0.974132971397044,38.6592528793866,73.7664091876998,16.66,1.59684031446447,14.2308381217353,2.60650365396545
"Sample288","Sample288","2","OSU","2014","","","","","","","","","","","2014","Soil","1","Soil.14.OSU.2","288","3","12","H","Soil","0","","","","","","",NA,NA,NA,NA,NA,NA,NA,NA,NA,NA,NA,NA,NA,NA,NA,NA,NA,NA,NA,NA,NA,NA,NA,NA,NA,NA,NA,NA,NA,NA,321,398.765957446808,22.0971245582202,397.98361249939,9.99123592358451,4.69671046417372,0.982402721800248,56.8269699807372,82.2309110347275,17.14,1.45657686430074,15.3348205286286,2.27868226017756
"Sample285","Sample285","2","OSU","2013","","","","","","","","","","","2013","Soil","1","Soil.13.OSU.1","285","3","12","E","Soil","0","","","","","","",NA,NA,NA,NA,NA,NA,NA,NA,NA,NA,NA,NA,NA,NA,NA,NA,NA,NA,NA,NA,NA,NA,NA,NA,NA,NA,NA,NA,NA,NA,409,473.881355932203,18.1263497989478,479.638388420962,10.8244320500348,4.70283473095062,0.97419569687631,38.7532263594417,92.1894072650793,16.59,1.40773476611085,13.8815566362316,2.54322045178869
"Sample287","Sample287","2","OSU","2014","","","","","","","","","","","2014","Soil","1","Soil.14.OSU.1","287","3","12","G","Soil","0","","","","","","",NA,NA,NA,NA,NA,NA,NA,NA,NA,NA,NA,NA,NA,NA,NA,NA,NA,NA,NA,NA,NA,NA,NA,NA,NA,NA,NA,NA,NA,NA,304,369.282608695652,19.4243468029831,371.615539469292,9.47304384968929,4.68583239485431,0.981739957966745,54.7643865320136,78.5131043914285,17.05,1.67196128706814,15.0766050856608,2.71432862864714
"Sample286","Sample286","2","OSU","2013","","","","","","","","","","","2013","Soil","1","Soil.13.OSU.2","286","3","12","F","Soil","0","","","","","","",NA,NA,NA,NA,NA,NA,NA,NA,NA,NA,NA,NA,NA,NA,NA,NA,NA,NA,NA,NA,NA,NA,NA,NA,NA,NA,NA,NA,NA,NA,410,507.065217391304,26.426209577899,488.899591396232,10.9297981935902,4.99808032074453,0.988630103688827,87.9515496563805,94.1851361979132,18.04,1.37009916326218,16.721501537678,2.10798118730862
"Sample281","Sample281","2","AS","2014","","","","","","","","","","","2014","Soil","1","Soil.14.AS.1","281","3","12","A","Soil","0","","","","","","",NA,NA,NA,NA,NA,NA,NA,NA,NA,NA,NA,NA,NA,NA,NA,NA,NA,NA,NA,NA,NA,NA,NA,NA,NA,NA,NA,NA,NA,NA,183,207.146341463415,9.54068834965731,221.219596520699,7.33400491048973,3.74111091024133,0.93095718929956,14.4837672431783,44.8529171299433,14.24,1.83192783590391,10.2103433527712,2.62068347409628
"Sample39","Sample39","1","AS","2014","1","3","3","3","3.3","1.3","2014.1.3","AS.3.3","2014.AS.3.3","1.3.3.1","2014.1.3.3.1","Crown","1","AS.14.CR8.3.3.1","39","1","5","G","Crown","0","1","3","0","0","0","",NA,NA,NA,NA,NA,NA,NA,NA,NA,NA,NA,NA,NA,NA,NA,0.6059726307,NA,NA,NA,NA,0.3909905933,NA,NA,NA,NA,NA,NA,0.143324193,NA,NA,13,58,30.0731865907845,106.161764705882,4.98524386604224,1.65072086248322,0.72310405643739,3.61146496815287,4.97014001953659,5.79,1.29719978134722,3.39454597994903,0.711455389256689
"Sample21","Sample21","1","AS","2014","1","3","2","2","3.2","1.2","2014.1.2","AS.3.2","2014.AS.3.2","1.3.2.3","2014.1.3.2.3","Crown","1","AS.14.CR8.3.2.3","21","1","3","E","Crown","0","3","3","0","1","0","",NA,NA,NA,NA,NA,NA,NA,NA,NA,NA,NA,NA,NA,NA,NA,0.5397606337,NA,NA,NA,NA,0.1672513494,NA,NA,NA,NA,NA,NA,0.0671643847,NA,NA,9,11,2.85862155097823,12.6296296296296,1.57955678738344,1.98139948558285,0.838842975206612,6.20512820512821,5.6853719830432,7.01,1.11459554652046,5.04199903844275,1.11119468499924
"Sample54","Sample54","1","AS","2014","1","3","3","3","3.3","1.3","2014.1.3","AS.3.3","2014.AS.3.3","1.3.3.2","2014.1.3.3.2","Crown","1","AS.14.CR8.3.3.2","54","1","7","F","Crown","0","2","3","1","0","0","",NA,NA,NA,NA,NA,NA,NA,NA,NA,NA,NA,NA,NA,NA,NA,0.616784833,NA,NA,NA,NA,0.2521245066,NA,NA,NA,NA,NA,NA,0.0976475157,NA,NA,19,26.2,6.42615029652962,27.6454545454545,2.55427271780316,2.18042069635436,0.802045288531775,5.05166051660517,8.27052469816958,8.3,1.52752523165195,4.62403186606469,1.35558973024168
"Sample24","Sample24","1","AS","2014","1","1","5","5","1.5","1.5","2014.1.5","AS.1.5","2014.AS.1.5","1.1.5.2","2014.1.1.5.2","Crown","1","AS.14.CR8.1.5.2","24","1","3","H","Crown","0","2","3","1","0","0","",NA,NA,NA,NA,NA,NA,NA,NA,NA,NA,NA,NA,NA,NA,NA,0.6882087274,NA,NA,NA,NA,0.1125224251,NA,NA,NA,NA,NA,NA,0.0463087738,NA,NA,12,13.5,2.21983378590313,15.6136377547897,1.83164949544395,2.23056847301743,0.866938775510204,7.51533742331288,6.45036212011479,8.48,1.18475160419236,6.06122962852825,1.19166443156314
"Sample20","Sample20","1","AS","2014","1","3","2","2","3.2","1.2","2014.1.2","AS.3.2","2014.AS.3.2","1.3.2.1","2014.1.3.2.1","Crown","1","AS.14.CR8.3.2.1","20","1","3","D","Crown","0","1","3","0","0","0","",NA,NA,NA,NA,NA,NA,NA,NA,NA,NA,NA,NA,NA,NA,NA,0.5971108382,NA,NA,NA,NA,NA,NA,NA,NA,NA,NA,NA,NA,NA,NA,12,19,7.07850712777029,20.89,2.00840611488356,2.0161529937208,0.789536266349584,4.75141242937853,7.6689561587877,7.89,1.23823758755431,4.37237455801347,1.17697001293191
"Sample91","Sample91","1","OSU","2013","3","0","3","3","0.3","3.3","2013.3.3","OSU.0.3","2013.OSU.0.3","3.0.3.2","2013.3.0.3.2","Crown","1","OSU.13.CR8.0.3.2","91","1","12","C","Crown","0","2","1","1","0","0","0.082223072",NA,NA,NA,NA,NA,NA,NA,NA,NA,NA,NA,NA,NA,NA,NA,0.6130662252,NA,NA,NA,NA,0.1937402347,NA,NA,NA,NA,NA,NA,0.0769098319,NA,NA,14,21,7.08284312029193,22.1323529411765,2.28060039381736,2.37450939861936,0.886530612244898,8.81294964028777,8.64843770052424,9.08,1.52871504766902,6.60971261278871,1.30045413870829
"Sample130","Sample130","1","PC","2014","2","1","1","1","1.1","2.1","2014.2.1","PC.1.1","2014.PC.1.1","2.1.1.4","2014.2.1.1.4","Seed","1","PC.14.SDH.1.1.4","130","2","5","B","Seed","0","4","4","1","1","1","",16,15,NA,77.8745454545,131.27,1,652,NA,1.436123348,NA,NA,11,0.7333333333,59.2727272727,43.4666666667,0.638553297,0.638553297,NA,NA,24160.3828359153,180.4678189776,160.9936721232,6.1907423864,0.7469576132,89.2090750779,3.4303857726,4.3831217868,2.2587996196,2.2094980502,0.8567737301,13,23,10.2203973376347,NA,NA,1.95868046617391,0.823908895044629,5.67887855694609,2.80786627836631,6.91,0.995900688732658,4.80879534411709,0.904375545058318
"Sample111","Sample111","1","OSU","2013","3","0","","4","0.4","3.4","2013.3.4","OSU.0.4","2013.OSU.0.4","3.0.4.3","2013.3.0.4.3","Seed","1","OSU.13.SDH.0.4.3","111","2","2","G","Seed","0","3","2","0","0","1","0.0783454209",120,40,NA,96.04,181,NA,800.3333333333,4802,1.764434411,10.5866064657,51,50,1.25,96.04,120.05,0.7428145695,0.7428145695,NA,NA,14909.5669409773,19.3046988597,NA,NA,NA,NA,NA,4.1734650292,1.2856630313,NA,NA,9,12,4.12057843835871,13.265306122449,1.67991753792855,1.92487998679284,0.8224,5.63063063063063,5.04309377745281,6.84,1.04175454174797,4.72621459380466,0.92847945487869
"Sample158","Sample158","1","PC","2014","2","1","1","3","1.3","2.3","2014.2.3","PC.1.3","2014.PC.1.3","2.1.3.2","2014.2.1.3.2","Seed","1","PC.14.SDH.1.3.2","158","2","8","F","Seed","0","2","4","1","0","1","",16,15,NA,77.0721428571,133.49,1,865,NA,1.9052863436,NA,NA,14,0.9333333333,61.7857142857,57.6666666667,0.6045282389,0.6045282389,NA,NA,30101.28182613,2004.7175606328,1791.38626062,40.4438274181,6.6599076153,89.3585358755,2.0174326904,4.4785994174,3.3022697769,3.2534316062,1.6174598565,32,83,35.1664715729566,106.925886143931,5.77941718994142,2.05755026649003,0.817751342791323,5.48700887740964,6.33872578008018,7.27,1.22148278826196,4.79783029888751,1.08030254842453
"Sample146","Sample146","1","PC","2014","2","1","1","2","1.2","2.2","2014.2.2","PC.1.2","2014.PC.1.2","2.1.2.3","2014.2.1.2.3","Seed","1","PC.14.SDH.1.2.3","146","2","7","B","Seed","0","3","4","0","1","1","",16,15,NA,69.5714285714,114,1,402,NA,0.8854625551,NA,NA,7,0.4666666667,57.4285714286,26.8,0.7914703886,0.7914703886,NA,NA,21849.8468284163,12013.8745104888,10552.1798755968,226.0825951091,54.9837928148,87.8332786511,1.8818458184,4.3394682727,4.0797192392,4.0233833406,2.3561838487,26,44.3333333333333,15.0449680239704,60.5865384615385,3.64873090809977,2.21589709037029,0.861318879067514,7.21078682719063,4.85077394432254,7.93,1.24117083856536,5.64233632739427,1.10542949630869
"Sample154","Sample154","1","PC","2014","2","1","1","3","1.3","2.3","2014.2.3","PC.1.3","2014.PC.1.3","2.1.3.1","2014.2.1.3.1","Seed","1","PC.14.SDH.1.3.1","154","2","8","B","Seed","0","1","4","0","0","1","",16,15,NA,45.125,63,1,425,NA,0.936123348,NA,NA,8,0.5333333333,53.125,28.3333333333,0.5502455402,0.5502455402,NA,NA,31833.1758897876,157.551464232,13.3119721872,0,0.4949285135,8.4492849699,0,4.5028936115,2.2001702571,1.1556994836,0,22,31.3333333333333,8.83521026195739,34.304347826087,2.62633872626619,2.08926166610578,0.842024098152056,6.33007938744054,4.09913859179746,7.27,1.17941091270604,5.10727282975175,0.915762229454578
"Sample152","Sample152","1","OSU","2014","3","2","11","1","2.1","3.1","2014.3.1","OSU.2.1","2014.OSU.2.1","3.2.1.6","2014.3.2.1.6","Seed","1","OSU.14.SDH.11.1.6","152","2","7","H","Seed","0","6","4","1","0","1","",24,22,NA,71.8333333333,103,1,707,NA,1.5572687225,NA,NA,12,0.5454545455,58.9166666667,32.1363636364,0.7878527722,0.7495498216,NA,NA,32653.3884571614,91.785226272,158.246130216,0,0.2810894385,172.4091519337,0,4.5139415548,1.9674788312,2.2020688875,0,42,57,9.97631515315588,59.7235110568444,4.04252732757444,0.492626506468711,0.163943011041057,1.19609071296108,6.48660630118036,2.66,1.06571927624378,1.24216863857725,0.185218899042152
"Sample109","Sample109","1","OSU","2013","3","0","","4","0.4","3.4","2013.3.4","OSU.0.4","2013.OSU.0.4","3.0.4.1","2013.3.0.4.1","Seed","1","OSU.13.SDH.0.4.1","109","2","2","E","Seed","0","1","1","0","0","1","0.0783454209",120,40,NA,94.1833333333,163,NA,941.8333333333,5651,2.0763887664,12.4583325985,60,60,1.5,94.1833333333,141.275,0.6946556291,0.6946556291,NA,NA,9578.7581486167,14.2245811399,NA,NA,NA,NA,NA,3.981309208,1.1530394869,NA,NA,14,14.25,0.732199207746472,15.4364521362899,1.8105906483366,2.21490908560623,0.861131656804734,7.20106524633822,4.3561750157209,7.89,1.22181352211714,5.39990869114365,1.09494295148464
"Sample274","Sample274","2","AS","2012","1","","","","","","","","","","2012","Seed_stock","1","CRG.12.AS.OSU.B","274","3","11","B","Seed","0","","1","","","","",NA,NA,NA,NA,NA,NA,NA,NA,NA,NA,NA,NA,NA,NA,NA,NA,NA,NA,NA,NA,NA,NA,NA,NA,NA,NA,NA,NA,NA,NA,10,11.5,2.56014605561615,13.8796975425331,2.02811463948872,0.851468430475832,0.377136596055515,1.60548844845784,1.89396252244344,3.41,1.00599214809073,1.54645570342245,0.346450209692022
"Sample135","Sample135","1","OSU","2014","3","1","5","4","1.4","3.4","2014.3.4","OSU.1.4","2014.OSU.1.4","3.1.4.5","2014.3.1.4.5","Seed","1","OSU.14.SDH.5.4.5","135","2","5","G","Seed","0","5","4","0","0","1","",24,22,NA,81.5,124,1,941,NA,2.0726872247,NA,NA,14,0.6363636364,67.2142857143,42.7727272727,0.7594638013,0.7522428475,NA,NA,25594.1845523591,5.1876941688,0,0,0.0202690348,0,0,4.4081582653,0.7915288402,0,0,21,21.8571428571429,1.39265332236839,24.1862496477881,2.42459844886821,2.32968077782456,0.841172839506173,6.29615235134085,6.16141584919561,8.96,1.53030003000006,5.38490544103136,1.59644727298029
"Sample144","Sample144","1","OSU","2014","3","1","8","5","1.5","3.5","2014.3.5","OSU.1.5","2014.OSU.1.5","3.1.5.7","2014.3.1.5.7","Seed","1","OSU.14.SDH.8.5.7","144","2","6","H","Seed","0","7","4","0","1","1","",24,22,NA,49.1058823529,100.6,1,662.7,NA,1.45969163,NA,NA,17,0.7727272727,38.9823529412,30.1227272727,0.6038668388,0.6637701284,NA,NA,20690.3909808449,15.3722460144,1.2290891088,0,0.0742965468,7.9955076678,0,4.3157896871,1.2141082619,0.3481274299,0,15,30,13.6271787248865,21.6064713033132,2.41886929653954,2.25915254456755,0.869094990307111,7.63912704598597,4.91641142010513,8.42,1.21588808629077,5.9998956350801,1.14479387708847
"Sample166","Sample166","1","PC","2014","2","1","1","3","1.3","2.3","2014.2.3","PC.1.3","2014.PC.1.3","2.1.3.4","2014.2.1.3.4","Seed","1","PC.14.SDH.1.3.4","166","2","9","F","Seed","0","4","4","1","1","1","",16,15,NA,79.4375,110.29,1,516.63,NA,1.1379515419,NA,NA,8,0.5333333333,64.57875,34.442,0.5281265102,0.5281265102,NA,NA,40327.6103564345,591.8485073736,627.698532144,17.1780212109,1.4676012343,106.0572974881,2.9024355045,4.6056132573,2.7729437308,2.7984424464,1.2595466058,18,28.5,10.5014618865368,46.5,3.06469260541169,2.04250736232972,0.825329921853557,5.72507902104218,3.54809072788949,7.41,1.33405283617141,4.94363589035107,1.18154061390074
"Sample129","Sample129","1","AS","2014","1","1","1","2","1.2","1.2","2014.1.2","AS.1.2","2014.AS.1.2","1.1.2.2","2014.1.1.2.2","Seed","1","AS.14.SDH.1.2.2","129","2","5","A","Seed","0","2","3","1","0","1","",20,18,NA,109.2352941176,166,1,1284.82,NA,2.83,NA,NA,17,0.9444444444,75.5776470588,71.3788888889,0.5941253073,0.5289789297,183,156,46055.6520110427,6178.3578715776,5370.4517840568,147.7498069326,13.4149829647,86.9236113493,2.391409012,4.6632923647,3.7909433477,3.7300916817,2.1724564107,62,83.0833333333333,11.6537273395622,94.3851916161693,4.83871385696672,2.66956221396626,0.9026454165095,10.2717300423517,10.3560246785073,10.21,1.38749829374724,7.32986285533148,1.40193078130533
"Sample141","Sample141","1","AS","2014","1","1","2","1","1.1","1.1","2014.1.1","AS.1.1","2014.AS.1.1","1.1.1.4","2014.1.1.1.4","Seed","1","AS.14.SDH.2.1.4","141","2","6","E","Seed","0","4","3","1","1","1","",20,18,NA,130.1052631579,220,1,1598.08,NA,3.52,NA,NA,19,1.0555555556,84.1094736842,88.7822222222,0.5417667946,0.5820478793,116,149.5,29943.0258077096,1701.4583180136,1826.0976931032,37.5716948299,5.682319245,107.3254439307,2.2082054219,4.4763101884,3.2310764877,3.2617617693,1.5862687221,57,74.5,12.1410812467596,73.952108936881,4.42598867516021,2.69358829309279,0.875924588498595,8.05961461581514,10.9201542268531,10.18,1.53333333333333,6.47064834789344,1.79288112815082
"Sample282","Sample282","2","AS","2014","","","","","","","","","","","2014","Soil","1","Soil.14.AS.2","282","3","12","B","Soil","0","","","","","","",NA,NA,NA,NA,NA,NA,NA,NA,NA,NA,NA,NA,NA,NA,NA,NA,NA,NA,NA,NA,NA,NA,NA,NA,NA,NA,NA,NA,NA,NA,228,282.486486486486,17.9176246060343,279.791227585989,7.96030490027467,3.63153034867357,0.925295598938531,13.3860921952533,49.6418607767901,13.4,1.71151772684157,8.84508134711993,2.66347803415695
"Sample37","Sample37","1","AS","2014","1","1","2","2","1.2","1.2","2014.1.2","AS.1.2","2014.AS.1.2","1.1.2.2","2014.1.1.2.2","Crown","1","AS.14.CR8.1.2.2","37","1","5","E","Crown","0","2","3","1","0","0","",NA,NA,NA,NA,NA,NA,NA,NA,NA,NA,NA,NA,NA,NA,NA,0.5941253073,NA,NA,NA,NA,0.3602659417,NA,NA,NA,NA,NA,NA,0.1336238243,NA,NA,6,16,10.0739453542294,NA,NA,0.73718231521576,0.309155766944114,1.44750430292599,2.29725850867938,3.57,1.12146188864213,1.52116386930149,0.339794181825858
"Sample139","Sample139","1","OSU","2014","3","1","7","1","1.1","3.1","2014.3.1","OSU.1.1","2014.OSU.1.1","3.1.1.8","2014.3.1.1.8","Seed","1","OSU.14.SDH.7.1.8","139","2","6","C","Seed","0","8","4","1","1","1","",24,22,NA,81.0625,125,1,1055,NA,2.3237885463,NA,NA,16,0.7272727273,65.9375,47.9545454545,0.6921341283,0.7074144035,NA,NA,31176.0746312874,62.9567646984,84.89849046,0.1526159651,0.2019393572,134.8520542101,0.2424139262,4.4938353626,1.8058864865,1.9339855318,0.0616846308,19,21.5,3.15076587219605,23.4419642857143,2.28367255722594,2.14176805476635,0.8291021575091,5.8514489441448,4.75971041357729,7.87,1.30774692513575,5.05588737612936,1.22280561578364
"Sample105","Sample105","1","OSU","2013","3","0","","3","0.3","3.3","2013.3.3","OSU.0.3","2013.OSU.0.3","3.0.3.1","2013.3.0.3.1","Seed","1","OSU.13.SDH.0.3.1","105","2","2","A","Seed","0","1","1","0","0","1","0.0944165317",120,40,NA,103.4333333333,155,NA,1034.3333333333,6206,2.2803165253,13.6818991517,64,60,1.5,103.4333333333,155.15,0.6772582781,0.6772582781,NA,NA,16048.3635965546,24.3959143424,NA,NA,NA,NA,NA,4.2054307553,1.3873170998,NA,NA,10,10,0,10,1.26491106406735,1.99125754660729,0.826297577854671,5.75697211155379,2.94374508232374,7.23,1.05270215074437,4.98818448163901,1.03018838936447
"Sample104","Sample104","1","OSU","2013","3","0","","2","0.2","3.2","2013.3.2","OSU.0.2","2013.OSU.0.2","3.0.2.4","2013.3.0.2.4","Seed","1","OSU.13.SDH.0.2.4","104","2","1","H","Seed","0","4","2","1","0","1","0.0853552895",120,40,NA,88.1076923077,167,NA,954.5,5727,2.1043140091,12.6258840544,74,65,1.625,88.1076923077,143.175,0.7442516556,0.7442516556,NA,NA,12992.8376472753,39.234288256,NA,NA,NA,NA,NA,4.1137040117,1.5936657785,NA,NA,9,9,0.235702260395516,9.51151020408163,1.36514948333497,1.45483215003284,0.629716446124764,2.70063304063713,2.28538709768088,5.6,1.23091490979333,2.64958710112368,0.771810812976808
"Sample155","Sample155","1","OSU","2014","3","2","11","2","2.2","3.2","2014.3.2","OSU.2.2","2014.OSU.2.2","3.2.2.6","2014.3.2.2.6","Seed","1","OSU.14.SDH.11.2.6","155","2","8","C","Seed","0","6","4","1","0","1","",24,22,NA,67.3125,126,1,887,NA,1.9537444934,NA,NA,16,0.7272727273,55.4375,40.3181818182,0.7794414613,0.7519820982,NA,NA,31934.1225650568,10.1999292024,3.78214212,0,0.0319405338,37.0800820766,0,4.5042685873,1.0492152774,0.6796224787,0,24,27.5,3.4408041970922,31.9298245614035,2.90069331493737,2.91767441287463,0.930650887573965,14.419795221843,13.7532155825405,11.88,1.52606975230128,8.75678014005237,1.85070944465736
"Sample137","Sample137","1","AS","2014","1","1","2","1","1.1","1.1","2014.1.1","AS.1.1","2014.AS.1.1","1.1.1.1","2014.1.1.1.1","Seed","1","AS.14.SDH.2.1.1","137","2","6","A","Seed","0","1","3","0","0","1","",20,18,NA,94.6666666667,167,1,971.56,NA,2.14,NA,NA,15,0.8333333333,64.7706666667,53.9755555556,0.6279779723,0.6161247113,143,127.5,30978.5567594253,416.7433397184,386.241312216,11.7841835486,1.3452638964,92.6808602333,2.8276837145,4.4910751998,2.6209095345,2.5879816831,1.1066729974,34,56.6666666666667,14.903390015383,55.8212266202697,3.08676066568108,1.94433168752194,0.801398252184769,5.03520241387981,6.3519753019894,6.47,1.01955625126569,4.45345674694637,0.932444679541175
"Sample18","Sample18","1","PC","2014","2","1","1","1","1.1","2.1","2014.2.1","PC.1.1","2014.PC.1.1","2.1.1.3","2014.2.1.1.3","Crown","1","PC.14.CR8.1.1.3","18","1","3","B","Crown","0","3","4","0","1","0","",NA,NA,NA,NA,NA,NA,NA,NA,NA,NA,NA,NA,NA,NA,NA,0.5974097601,NA,NA,NA,NA,0.5019309496,NA,NA,NA,NA,NA,NA,0.1766499667,NA,NA,8,18,10.1276574016129,19.6536458333333,1.99934750840125,0.900240313962106,0.380925021545533,1.615313225058,2.49694102312507,3.92,1.03162126007679,1.60382047779295,0.304513336548009
"Sample160","Sample160","1","OSU","2014","3","2","12","3","2.3","3.3","2014.3.3","OSU.2.3","2014.OSU.2.3","3.2.3.8","2014.3.2.3.8","Seed","1","OSU.14.SDH.12.3.8","160","2","8","H","Seed","0","8","4","1","1","1","",24,22,NA,58.6625,92.17,1,208.59,NA,0.4594493392,NA,NA,4,0.1818181818,52.1475,9.4813636364,0.6186240791,0.687629563,NA,NA,43320.9018585932,11.9104762872,0,0,0.0274936019,0,0,4.6367075142,1.1109422643,0,0,16,16,0.121030729568982,16.443359375,1.99044194006863,1.97228565964172,0.766700474219457,4.28633533074844,3.37763120445442,7.36,1.21039270695527,4.02714072643708,1.06894067682547
"Sample136","Sample136","1","OSU","2014","3","1","6","1","1.1","3.1","2014.3.1","OSU.1.1","2014.OSU.1.1","3.1.1.4","2014.3.1.1.4","Seed","1","OSU.14.SDH.6.1.4","136","2","5","H","Seed","0","4","3","1","1","1","",24,22,NA,78.2631578947,149,1,1253,NA,2.7599118943,NA,NA,19,0.8636363636,65.9473684211,56.9545454545,0.6599908329,0.6515372302,NA,NA,26645.8052212234,145.65395166,29.4325140216,0,0.5466299496,20.2071510496,0,4.4256451474,2.1662937697,1.4833378308,0,43,54.1428571428571,8.22698463639461,58.7473217018672,3.85210762886967,1.64515939471611,0.607600675548883,2.54842436693485,7.89334090322568,5.98,1.3102548136785,2.50597022063407,0.669846725179766
"Sample101","Sample101","1","OSU","2013","3","0","","2","0.2","3.2","2013.3.2","OSU.0.2","2013.OSU.0.2","3.0.2.1","2013.3.0.2.1","Seed","1","OSU.13.SDH.0.2.1","101","2","1","E","Seed","0","1","1","0","0","1","0.0853552895",120,40,NA,92.6101694915,166,NA,910.6666666667,5464,2.007677972,12.0460678319,70,59,1.475,92.6101694915,136.6,0.7027682119,0.7027682119,NA,NA,16559.0577650559,30.9871405802,NA,NA,NA,NA,NA,4.2190356212,1.4911815024,NA,NA,16,18,2.86959368225444,19.5634801288937,2.27292167125045,1.86224907955181,0.736361474435196,3.7930723434963,4.5933235074647,7.06,1.44823124444052,3.66636091326098,1.10908185097238
"Sample167","Sample167","1","OSU","2014","3","2","13","2","2.2","3.2","2014.3.2","OSU.2.2","2014.OSU.2.2","3.2.2.3","2014.3.2.2.3","Seed","1","OSU.14.SDH.13.2.3","167","2","9","G","Seed","0","3","3","0","1","1","",24,22,NA,70,116,1,596,NA,1.3127753304,NA,NA,11,0.5,54.1818181818,27.0909090909,0.6845088937,0.6535540065,NA,NA,34181.3390710743,28.1679409848,42.0124086192,0,0.0824073654,149.1497324631,0,4.5338017778,1.4649057726,1.633593763,0,14,19,5.9851790634076,20.2620689655172,2.21265442720664,2.01615696206271,0.811966481321952,5.31820074968763,4.20806018310183,7.47,1.4456832294801,4.61540897865439,1.21747835152435
"Sample112","Sample112","1","OSU","2013","3","0","","4","0.4","3.4","2013.3.4","OSU.0.4","2013.OSU.0.4","3.0.4.4","2013.3.0.4.4","Seed","1","OSU.13.SDH.0.4.4","112","2","2","H","Seed","0","4","2","1","0","1","0.0783454209",120,40,NA,95.0344827586,167,NA,918.6666666667,5512,2.0253149674,12.1518898041,66,58,1.45,95.0344827586,137.8,0.7457417219,0.7457417219,NA,NA,13387.7838545394,19.714346342,NA,NA,NA,NA,NA,4.1267086921,1.294782382,NA,NA,14,21.5,8.10280959024794,29.3746461151305,2.82351126485557,2.18892692394292,0.86803983703033,7.57804459691252,4.5531918293735,7.85,1.18385605185561,5.964245657943,1.09410528479311
"Sample108","Sample108","1","OSU","2013","3","0","","3","0.3","3.3","2013.3.3","OSU.0.3","2013.OSU.0.3","3.0.3.4","2013.3.0.3.4","Seed","1","OSU.13.SDH.0.3.4","108","2","2","D","Seed","0","4","2","1","0","1","0.0944165317",120,40,NA,92.9245283019,163,NA,820.8333333333,4925,1.8096292116,10.8577752694,59,53,1.325,92.9245283019,123.125,0.8260331126,0.8260331126,NA,NA,15115.3073036538,39.0858910226,NA,NA,NA,NA,NA,4.1794169811,1.5920200168,NA,NA,11,14.75,4.18776877457699,18.4854994629431,2.27357456884121,2.22063679797727,0.87,7.69230769230769,10.0321805085641,8.37,1.14287427837082,6.02463631014351,1.16756432420031
"Sample275","Sample275","2","CD","2012","0","","","","","","","","","","2012","Seed_stock","1","CRG.12.CD.A","275","3","11","C","Seed","0","","2","","","","",NA,NA,NA,NA,NA,NA,NA,NA,NA,NA,NA,NA,NA,NA,NA,NA,NA,NA,NA,NA,NA,NA,NA,NA,NA,NA,NA,NA,NA,NA,16,23.5,8.109539300082,27.1637931034483,2.67732763333689,1.69010127686387,0.764800592101184,4.25171138368769,2.69611412960116,5.86,1.00523880272553,3.97577974462661,0.745348765387882
"Sample41","Sample41","1","OSU","2014","3","1","4","4","1.4","3.4","2014.3.4","OSU.1.4","2014.OSU.1.4","3.1.4.6","2014.3.1.4.6","Crown","1","OSU.14.CR8.1.4.6","41","1","6","A","Crown","0","6","4","1","0","0","",NA,NA,NA,NA,NA,NA,NA,NA,NA,NA,NA,NA,NA,NA,NA,0.7268296425,NA,NA,NA,NA,0.3316185299,NA,NA,NA,NA,NA,NA,0.1243798299,NA,NA,13,22.3333333333333,8.8208214735694,27.6705539358601,1.89604969977999,1.86437224230105,0.757231404958678,4.11914893617021,6.22712649776721,6.86,1.34854953879561,3.66176721543548,0.820585572610758
"Sample176","Sample176","1","OSU","2014","3","2","14","4","2.4","3.4","2014.3.4","OSU.2.4","2014.OSU.2.4","3.2.4.4","2014.3.2.4.4","Seed","1","OSU.14.SDH.14.4.4","176","2","10","H","Seed","0","4","3","1","1","1","",24,22,NA,77.75,133,1,785,NA,1.7290748899,NA,NA,12,0.5454545455,65.4166666667,35.6818181818,0.6159620098,0.6549887068,NA,NA,34650.0951365301,430.2084699192,669.1063198896,0,1.2415794768,155.5307174718,0,4.5397169649,2.6346872828,2.8261437139,0,34,43.75,7.19662658137726,48.8452077562327,3.86711165677122,1.74080867578805,0.758605793987883,4.1426015003434,5.56439384826053,5.83,1.04499770431336,3.69624939663476,0.760546628038455
"Sample100","Sample100","1","OSU","2013","3","0","","1","0.1","3.1","2013.3.1","OSU.0.1","2013.OSU.0.1","3.0.1.4","2013.3.0.1.4","Seed","1","OSU.13.SDH.0.1.4","100","2","1","D","Seed","0","4","2","1","0","1","0.0671357035",120,40,NA,94.196969697,164,NA,1036.1666666667,6217,2.2843583367,13.7061500203,71,66,1.65,94.196969697,155.425,0.7385496689,0.7385496689,NA,NA,20859.0079453935,41.2759812918,NA,NA,NA,NA,NA,4.3192936495,1.6156974069,NA,NA,15,16,1.57619002661481,17.9439278670048,1.67317985373092,2.48514421328907,0.898864250946457,9.88770053475936,8.18068376025998,9.74,1.61195032131385,7.05444280151142,1.40025294797275
"Sample110","Sample110","1","OSU","2013","3","0","","4","0.4","3.4","2013.3.4","OSU.0.4","2013.OSU.0.4","3.0.4.2","2013.3.0.4.2","Seed","1","OSU.13.SDH.0.4.2","110","2","2","F","Seed","0","2","1","1","0","1","0.0783454209",120,40,NA,91.5,157,NA,884.5,5307,1.9499902997,11.6999417979,63,58,1.45,91.5,132.675,0.724013245,0.724013245,NA,NA,17837.5773406503,20.9233131106,NA,NA,NA,NA,NA,4.2513358692,1.3206304542,NA,NA,41,44.5,3.44257796538478,46.0410149579947,2.89056548061771,0.923406160633009,0.343816561166618,1.52396409421409,6.89152651934072,3.89,1.32493567596867,1.57901938737545,0.362467059449522
"Sample73","Sample73","1","OSU","2013","3","0","1","1","0.1","3.1","2013.3.1","OSU.0.1","2013.OSU.0.1","3.0.1.1","2013.3.0.1.1","Crown","1","OSU.13.CR8.0.1.1","73","1","10","A","Crown","0","1","1","0","0","0","0.0853552895",NA,NA,NA,NA,NA,NA,NA,NA,NA,NA,NA,NA,NA,NA,NA,0.7027682119,NA,NA,NA,NA,0.2389866073,NA,NA,NA,NA,NA,NA,0.0930666119,NA,NA,15,16,1.57619002661481,18.9614288845058,2.04463222895054,2.30972443566991,0.86563614744352,7.44247787610619,6.55990995470756,8.65,1.40974243653716,5.7342216234841,1.29548967298447
"Sample75","Sample75","1","OSU","2013","3","0","1","1","0.1","3.1","2013.3.1","OSU.0.1","2013.OSU.0.1","3.0.1.2","2013.3.0.1.2","Crown","1","OSU.13.CR8.0.1.2","75","1","10","C","Crown","0","2","1","1","0","0","0.0944165317",NA,NA,NA,NA,NA,NA,NA,NA,NA,NA,NA,NA,NA,NA,NA,0.6772582781,NA,NA,NA,NA,0.3666734516,NA,NA,NA,NA,NA,NA,0.1356647581,NA,NA,12,17,5.97790047739564,16.0376766091052,1.6492352499446,2.22595101125413,0.875,8,5.81235533904929,8.29,1.11278157258414,6.23863353421015,0.945947437897323
"Sample113","Sample113","1","OSU","2013","3","0","","5","0.5","3.5","2013.3.5","OSU.0.5","2013.OSU.0.5","3.0.5.1","2013.3.0.5.1","Seed","1","OSU.13.SDH.0.5.1","113","2","3","A","Seed","0","1","1","0","0","1","0.082223072",120,40,NA,94.4912280702,178,NA,897.6666666667,5386,1.9790178545,11.8741071271,63,57,1.425,94.4912280702,134.65,0.6285562914,0.6285562914,NA,NA,13770.2496059905,21.0166939958,NA,NA,NA,NA,NA,4.1389418126,1.3225644009,NA,NA,19,19,0,19,2.15211034739588,2.55687425881855,0.903006880950137,10.310009718173,5.10445460457618,10.04,1.49693289121727,7.36300982558654,1.3992400303087
"Sample184","Sample184","1","OSU","2014","3","2","16","3","2.3","3.3","2014.3.3","OSU.2.3","2014.OSU.2.3","3.2.3.5","2014.3.2.3.5","Seed","1","OSU.14.SDH.16.3.5","184","2","11","H","Seed","0","5","4","0","0","1","",24,22,NA,72.375,130,1,501,NA,1.1035242291,NA,NA,8,0.3636363636,62.625,22.7727272727,0.6725040136,0.6664305409,NA,NA,25472.4433203612,NA,NA,NA,NA,NA,NA,4.4060876538,NA,NA,NA,16,18,2.86959368225444,19.5494521548576,2.20841215525696,1.86454972150472,0.718490798966089,3.55228175962724,4.41593718624682,7.14,1.31824799555235,3.32600774023003,1.04796491046818
"Sample107","Sample107","1","OSU","2013","3","0","","3","0.3","3.3","2013.3.3","OSU.0.3","2013.OSU.0.3","3.0.3.3","2013.3.0.3.3","Seed","1","OSU.13.SDH.0.3.3","107","2","2","C","Seed","0","3","2","0","0","1","0.0944165317",120,40,NA,97.5438596491,165,NA,926.6666666667,5560,2.0429519627,12.2577117762,61,57,1.425,97.5438596491,139,0.8225562914,0.8225562914,NA,NA,18248.281297513,37.2917722369,NA,NA,NA,NA,NA,4.261221967,1.5716130231,NA,NA,23,34,8.86282719465707,36.6861041605147,2.95584695031525,1.03574608535675,0.352341585872576,1.54402379122531,5.77572683967549,4.47,1.42456798342302,1.61037607809915,0.343465900862337
"Sample161","Sample161","1","AS","2014","1","3","5","3","3.3","1.3","2014.1.3","AS.3.3","2014.AS.3.3","1.3.3.3","2014.1.3.3.3","Seed","1","AS.14.SDH.5.3.3","161","2","9","A","Seed","0","3","3","0","1","1","",20,18,NA,115.875,177,1,2002.14,NA,4.41,NA,NA,24,1.3333333333,83.4225,111.23,0.5169061797,0.5119655945,140,150,23511.7165308709,12.5923837704,3.0279207912,0.268295125,0.0535579091,24.0456520895,2.1306142657,4.371302808,1.133295628,0.6050809216,0.1032203231,23,25,2.58023254765922,28.1106981347019,2.73156063206646,1.53298014232492,0.615726222222222,2.60231131508091,4.48815945519869,5.32,1.42757829837099,2.52139657285068,0.734749608741516
"Sample133","Sample133","1","AS","2014","1","1","1","2","1.2","1.2","2014.1.2","AS.1.2","2014.AS.1.2","1.1.2.4","2014.1.1.2.4","Seed","1","AS.14.SDH.1.2.4","133","2","5","E","Seed","0","4","3","1","1","1","",20,18,NA,117.3846153846,180,1,1039.66,NA,2.29,NA,NA,13,0.7222222222,79.9738461538,57.7588888889,0.7911784424,0.6550332043,154,154.5,40974.8604662316,7.2676200456,0,0,0.017736778,0,0,4.6125280822,0.9173805096,0,0,33,78.3333333333333,31.8145251993339,70.8413818181818,4.93503861596146,2.09334970612327,0.822562669228754,5.63579262409672,7.77164675245908,7.01,1.66663636336088,4.7762909901068,1.1022289349595
"Sample114","Sample114","1","OSU","2013","3","0","","5","0.5","3.5","2013.3.5","OSU.0.5","2013.OSU.0.5","3.0.5.2","2013.3.0.5.2","Seed","1","OSU.13.SDH.0.5.2","114","2","3","B","Seed","0","2","1","1","0","1","0.082223072",120,40,NA,101.0754716981,162,NA,892.8333333333,5357,1.9683621698,11.8101730189,59,53,1.325,101.0754716981,133.925,0.6130662252,0.6130662252,NA,NA,10895.6132993645,25.9824036643,NA,NA,NA,NA,NA,4.0372516811,1.4146793257,NA,NA,15,15,0,15,1.93218356615859,1.72970520058349,0.748920164506996,3.98279693801959,2.64745671618727,5.91,1.25605603683783,3.68834243858841,0.754542304617887
"Sample56","Sample56","1","AS","2014","1","2","3","3","2.3","1.3","2014.1.3","AS.2.3","2014.AS.2.3","1.2.3.4","2014.1.2.3.4","Crown","1","AS.14.CR8.2.3.4","56","1","7","H","Crown","0","4","3","1","1","0","",NA,NA,NA,NA,NA,NA,NA,NA,NA,NA,NA,NA,NA,NA,NA,0.5873689192,NA,NA,NA,NA,6.8643083134,NA,NA,NA,NA,NA,NA,0.8956605313,NA,NA,39,47.25,6.3579918716432,49.6970464135021,3.5476930031106,3.0595805950517,0.92937618147448,14.1595289079229,13.4754872155592,12.18,1.78308551095957,8.94208813792989,1.96916407762933
"Sample38","Sample38","1","AS","2014","1","2","2","2","2.2","1.2","2014.1.2","AS.2.2","2014.AS.2.2","1.2.2.4","2014.1.2.2.4","Crown","1","AS.14.CR8.2.2.4","38","1","5","F","Crown","0","4","3","1","1","0","",NA,NA,NA,NA,NA,NA,NA,NA,NA,NA,NA,NA,NA,NA,NA,0.4840436742,NA,NA,NA,NA,0.436314877,NA,NA,NA,NA,NA,NA,0.1572496588,NA,NA,11,11.2,0.617460235850976,11.9090909090909,1.4037272811106,1.97230784927984,0.787626412849494,4.70868347338936,4.92800455632689,7.61,1.19675487140108,4.21250990398094,1.21320464254152
"Sample95","Sample95","1","OSU","2013","3","0","3","3","0.3","3.3","2013.3.3","OSU.0.3","2013.OSU.0.3","3.0.3.4","2013.3.0.3.4","Crown","1","OSU.13.CR8.0.3.4","95","1","12","G","Crown","0","4","2","1","0","0","0.0671357035",NA,NA,NA,NA,NA,NA,NA,NA,NA,NA,NA,NA,NA,NA,NA,0.7205099338,NA,NA,NA,NA,0.1696910368,NA,NA,NA,NA,NA,NA,0.068071162,NA,NA,20,27,7.09198817654798,26.4298833652123,2.47655930509513,2.62528375169745,0.902700831024931,10.2775800711744,8.8462359775687,10.46,1.52699612694898,7.34865178595928,1.57276522719171
"Sample169","Sample169","1","AS","2014","1","3","6","2","3.2","1.2","2014.1.2","AS.3.2","2014.AS.3.2","1.3.2.3","2014.1.3.2.3","Seed","1","AS.14.SDH.6.2.3","169","2","10","A","Seed","0","3","3","0","1","1","",20,18,NA,98.23275,185.976,1,2215.52,NA,4.88,NA,NA,32,1.7777777778,69.235,123.0844444444,0.6381985661,0.6011951459,156,163.5,22569.4317599418,4.7074076472,0,0,0.0208574487,0,0,4.353539867,0.7564388928,0,0,40,43.75,3.32857733624041,49.1889180222603,3.51134040023999,2.74228375229645,0.893650621957815,9.40296989422295,10.7789065947135,10.44,1.61006932531591,7.13694986625441,1.64035917727535
"Sample179","Sample179","1","OSU","2014","3","2","14","5","2.5","3.5","2014.3.5","OSU.2.5","2014.OSU.2.5","3.2.5.5","2014.3.2.5.5","Seed","1","OSU.14.SDH.14.5.5","179","2","11","C","Seed","0","5","4","0","0","1","",24,22,NA,85.5,151,1,1269,NA,2.795154185,NA,NA,18,0.8181818182,70.5,57.6818181818,0.811023834,0.752162795,NA,NA,39309.9113219093,342.6546838968,661.021934652,0,0.8716750366,192.9119798202,0,4.5945131119,2.5361222676,2.8208723791,0,34,47.2,10.2100927136015,53.6521843639204,4.45873397257261,2.02472617253935,0.781327075316214,4.5730398559678,6.77409690951911,6.91,1.55111559722659,3.96757561854163,1.01003921169059
"Sample151","Sample151","1","OSU","2014","3","2","10","1","2.1","3.1","2014.3.1","OSU.2.1","2014.OSU.2.1","3.2.1.2","2014.3.2.1.2","Seed","1","OSU.14.SDH.10.1.2","151","2","7","G","Seed","0","2","3","1","0","1","",24,22,NA,73.8,147,1,897,NA,1.9757709251,NA,NA,15,0.6818181818,59.8,40.7727272727,0.6250869737,0.6454006071,NA,NA,34292.5925021323,37.5321486144,0,0.0726051599,0.1094468102,0,0.1934479175,4.535212983,1.5858232266,0,0.0304398819,18,18.5,1.28728186291682,18.7434736683265,2.09687064533777,2.47862803496057,0.891531245871317,9.21924482338611,4.38768895745266,9.62,1.54252842417699,6.88163160679347,1.51847546182006
"Sample106","Sample106","1","OSU","2013","3","0","","3","0.3","3.3","2013.3.3","OSU.0.3","2013.OSU.0.3","3.0.3.2","2013.3.0.3.2","Seed","1","OSU.13.SDH.0.3.2","106","2","2","B","Seed","0","2","1","1","0","1","0.0944165317",120,40,NA,101.1428571429,149,NA,1062,6372,2.3413111342,14.0478668054,65,63,1.575,101.1428571429,159.3,0.6421655629,0.6421655629,NA,NA,15470.9070080063,26.0874042001,NA,NA,NA,NA,NA,4.1895157757,1.4164308672,NA,NA,13,13.25,0.731845931177548,14.0290275761974,0.990774400032792,2.35954834714776,0.890260631001372,9.1125,5.43456253011526,8.99,1.20180840167784,6.54709322278083,1.30761553447505
"Sample60","Sample60","1","OSU","2014","3","2","4","4","2.4","3.4","2014.3.4","OSU.2.4","2014.OSU.2.4","3.2.4.3","2014.3.2.4.3","Crown","1","OSU.14.CR8.2.4.3","60","1","8","D","Crown","0","3","3","0","1","0","",NA,NA,NA,NA,NA,NA,NA,NA,NA,NA,NA,NA,NA,NA,NA,0.6166091618,NA,NA,NA,NA,0.1774734711,NA,NA,NA,NA,NA,NA,0.0709511311,NA,NA,11,16,5.50252467307306,20.2705314009662,2.50201005899761,2.12659657717666,0.847222222222222,6.54545454545454,7.85910485884401,7.93,1.32004744328575,5.23160662919781,1.27209101526156
"Sample55","Sample55","1","AS","2014","1","2","3","3","2.3","1.3","2014.1.3","AS.2.3","2014.AS.2.3","1.2.3.3","2014.1.2.3.3","Crown","1","AS.14.CR8.2.3.3","55","1","7","G","Crown","0","3","3","0","1","0","",NA,NA,NA,NA,NA,NA,NA,NA,NA,NA,NA,NA,NA,NA,NA,0.4618363255,NA,NA,NA,NA,0.1181306619,NA,NA,NA,NA,NA,NA,0.0484925571,NA,NA,22,27.6,5.33704363694065,32.9161213563355,3.22509942162325,1.90109049846743,0.71575102465544,3.51804258498319,6.1167897609985,7.13,1.26055142655502,3.41408619146424,0.945894330881628
"Sample63","Sample63","1","OSU","2014","3","1","4","4","1.4","3.4","2014.3.4","OSU.1.4","2014.OSU.1.4","3.1.4.7","2014.3.1.4.7","Crown","1","OSU.14.CR8.2.6.7","63","1","8","G","Crown","0","7","4","0","1","0","",NA,NA,NA,NA,NA,NA,NA,NA,NA,NA,NA,NA,NA,NA,NA,0.6962123293,NA,NA,NA,NA,0.8914361777,NA,NA,NA,NA,NA,NA,0.2767916916,NA,NA,36,45.75,7.19691301235782,51.6502140368342,3.87774895554755,2.18097870215472,0.723402873961219,3.61536655973711,10.6252490413715,8.23,1.60714943080265,3.46367515764633,1.15191011884482
"Sample61","Sample61","1","OSU","2014","3","2","3","3","2.3","3.3","2014.3.3","OSU.2.3","2014.OSU.2.3","3.2.3.5","2014.3.2.3.5","Crown","1","OSU.14.CR8.2.3.5","61","1","8","E","Crown","0","5","4","0","0","0","",NA,NA,NA,NA,NA,NA,NA,NA,NA,NA,NA,NA,NA,NA,NA,0.6725040136,NA,NA,NA,NA,NA,NA,NA,NA,NA,NA,NA,NA,NA,NA,12,13.5,2.21983378590313,14.9342560553633,1.88589127892214,1.888217401729,0.778061224489796,4.50574712643678,4.68510131199343,6.97,1.41031553171264,4.0450446894439,1.10723291378835
"Sample122","Sample122","1","PC","2014","2","1","1","1","1.1","2.1","2014.2.1","PC.1.1","2014.PC.1.1","2.1.1.1","2014.2.1.1.1","Seed","1","PC.14.SDH.1.1.1","122","2","4","B","Seed","0","1","4","0","0","1","",16,15,NA,76.7058823529,127,1,1027,NA,2.2621145374,NA,NA,17,1.1333333333,60.4117647059,68.4666666667,0.5905179328,0.5905179328,NA,NA,19411.1549904403,525.0487591488,308.3627893608,8.4012466338,2.7048815972,58.7303148494,1.6000888465,4.2880737501,2.7210260005,2.4904680749,0.9731854462,30,48.2,13.1427316738425,55.8837894736842,3.83111063186897,2.07538303934176,0.815207934166493,5.41148774699544,6.49231363945513,7.26,1.29193301261749,4.7896792726534,1.08640322498094
"Sample143","Sample143","1","OSU","2014","3","1","8","4","1.4","3.4","2014.3.4","OSU.1.4","2014.OSU.1.4","3.1.4.8","2014.3.1.4.8","Seed","1","OSU.14.SDH.8.4.8","143","2","6","G","Seed","0","8","4","1","1","1","",24,22,NA,67.3333333333,129,1,519,NA,1.1431718062,NA,NA,9,0.4090909091,57.6666666667,23.5909090909,0.6725353046,0.7114431016,NA,NA,35014.306054439,15.4628420712,16.761293544,0,0.044161498,108.3972368522,0,4.5442579267,1.216504812,1.249474592,0,15,17,2.8685812120166,18.4116652578191,2.02179374799743,2.04960022012536,0.802222222222222,5.0561797752809,4.52505483385057,7.73,1.36222485869865,4.52799337480906,1.1258789091594
"Sample66","Sample66","1","PC","2014","2","2","3","3","2.3","2.3","2014.2.3","PC.2.3","2014.PC.2.3","2.2.3.2","2014.2.2.3.2","Crown","1","PC.14.CR8.2.3.2","66","1","9","B","Crown","0","2","4","1","0","0","",NA,NA,NA,NA,NA,NA,NA,NA,NA,NA,NA,NA,NA,NA,NA,0.7062568897,NA,NA,NA,NA,0.2541675497,NA,NA,NA,NA,NA,NA,0.0983555597,NA,NA,16,18.5,3.14889513012748,19.2103610675039,1.85897054281468,2.48092175707134,0.892011834319527,9.26027397260274,7.8966070149189,9.68,1.45560567420846,6.82834711851383,1.46997611817314
"Sample47","Sample47","1","OSU","2014","3","2","5","5","2.5","3.5","2014.3.5","OSU.2.5","2014.OSU.2.5","3.2.5.5","2014.3.2.5.5","Crown","1","OSU.14.CR8.2.5.5","47","1","6","G","Crown","0","5","4","0","0","0","",NA,NA,NA,NA,NA,NA,NA,NA,NA,NA,NA,NA,NA,NA,NA,0.811023834,NA,NA,NA,NA,0.3892634601,NA,NA,NA,NA,NA,NA,0.1427846132,NA,NA,29,40,8.46688812046341,42.0148280919016,3.3499430851145,2.30079557993844,0.779083105889799,4.5265890778872,10.3887976992647,8.93,1.72477490845863,4.43884020774909,1.4910466494124
"Sample34","Sample34","1","PC","2014","2","1","1","1","1.1","2.1","2014.2.1","PC.1.1","2014.PC.1.1","2.1.1.4","2014.2.1.1.4","Crown","1","PC.14.CR8.1.1.4","34","1","5","B","Crown","0","4","4","1","1","0","",NA,NA,NA,NA,NA,NA,NA,NA,NA,NA,NA,NA,NA,NA,NA,0.638553297,NA,NA,NA,NA,0.1427061558,NA,NA,NA,NA,NA,NA,0.057934567,NA,NA,17,20,4.14578098794425,20.0789032502298,2.17404041491716,2.51072418718601,0.902560763888889,10.2628062360802,6.00038344714651,9.69,1.48864388154475,7.26158688839222,1.35321099053906
"Sample44","Sample44","1","OSU","2014","3","1","4","4","1.4","3.4","2014.3.4","OSU.1.4","2014.OSU.1.4","3.1.4.5","2014.3.1.4.5","Crown","1","OSU.14.CR8.1.4.5","44","1","6","D","Crown","0","5","4","0","0","0","",NA,NA,NA,NA,NA,NA,NA,NA,NA,NA,NA,NA,NA,NA,NA,0.7594638013,NA,NA,NA,NA,1.6286444979,NA,NA,NA,NA,NA,NA,0.4197318554,NA,NA,30,39.75,7.19596720635831,46.9348882628265,4.05180557832965,0.780008840044251,0.28406588145169,1.39677656657527,5.74087155003679,3.28,0.97524925588852,1.40484204657371,0.227251869879594
"Sample46","Sample46","1","OSU","2014","3","2","1","1","2.1","3.1","2014.3.1","OSU.2.1","2014.OSU.2.1","3.2.1.1","2014.3.2.1.1","Crown","1","OSU.14.CR8.2.1.1","46","1","6","F","Crown","0","1","3","0","0","0","",NA,NA,NA,NA,NA,NA,NA,NA,NA,NA,NA,NA,NA,NA,NA,0.5785070988,NA,NA,NA,NA,0.6119806096,NA,NA,NA,NA,NA,NA,0.2073598134,NA,NA,54,104,28.5134909121231,85.7982931120307,4.59611895893982,1.33947547778472,0.492128213840752,1.96900089206066,10.2707739006465,5,1.43548112513055,1.9725333840745,0.595398549059949
"Sample132","Sample132","1","OSU","2014","3","1","3","2","1.2","3.2","2014.3.2","OSU.1.2","2014.OSU.1.2","3.1.2.4","2014.3.1.2.4","Seed","1","OSU.14.SDH.3.2.4","132","2","5","D","Seed","0","4","3","1","1","1","",24,22,NA,81.65,139,1,1368,NA,3.013215859,NA,NA,20,0.9090909091,68.4,62.1818181818,0.6700820741,0.6773823625,NA,NA,32796.8399243165,775.0076052792,254.7396547152,0,2.3630557306,32.8693103113,0,4.5158452419,2.8898659776,2.4077980745,0,34,35.2,1.83814135374939,35.9668997768094,2.93588603975572,2.64453722785974,0.897433127572016,9.74973669692562,6.67683454601651,10.14,1.40719651086905,7.0177304905487,1.54499304385545
"Sample124","Sample124","1","OSU","2014","3","1","1","5","1.5","3.5","2014.3.5","OSU.1.5","2014.OSU.1.5","3.1.5.1","2014.3.1.5.1","Seed","1","OSU.14.SDH.1.5.1","124","2","4","D","Seed","0","1","3","0","0","1","",24,22,NA,98.4,135.1,1,712.1,NA,1.5685022026,NA,NA,9,0.4090909091,79.1222222222,32.3681818182,0.6936678771,0.6751439549,NA,NA,24829.0711600535,21.0582185976,24.8669240688,0.0707890534,0.0848127522,118.086551118,0.3361587927,4.3949779642,1.3435704363,1.4127447882,0.0297039228,19,22.75,4.19586666216925,23.3113330438558,2.11548738799441,2.225299265812,0.822702331961591,5.64023210831721,6.68451328641326,8.32,1.69895987194067,4.78741364254862,1.44393284241606
"Sample173","Sample173","1","AS","2014","1","3","6","2","3.2","1.2","2014.1.2","AS.3.2","2014.AS.3.2","1.3.2.4","2014.1.3.2.4","Seed","1","AS.14.SDH.6.2.4","173","2","10","E","Seed","0","4","3","1","1","1","",20,18,NA,107.8936170213,164,1,2201.9,NA,4.85,NA,NA,47,2.6111111111,46.8489361702,122.3277777778,0.5067667669,0.5940595001,125,111,30413.5743970353,9.4191544848,0,0,0.0309702318,0,0,4.4830817436,1.0178324774,0,0,44,50.4285714285714,5.46392461768055,54.3739450965176,3.606264682382,2.4432173494763,0.85401457075068,6.84999869604903,7.72452545403616,8.98,1.52408276770925,5.64661781107641,1.42121027548918
"Sample98","Sample98","1","OSU","2013","3","0","","1","0.1","3.1","2013.3.1","OSU.0.1","2013.OSU.0.1","3.0.1.2","2013.3.0.1.2","Seed","1","OSU.13.SDH.0.1.2","98","2","1","B","Seed","0","2","1","1","0","1","0.0671357035",120,40,NA,91.6730769231,177,NA,794.5,4767,1.7515741018,10.509444611,70,52,1.3,91.6730769231,119.175,0.7347615894,0.7347615894,NA,NA,18457.3269158768,33.2671709101,NA,NA,NA,NA,NA,4.2661688045,1.5220158694,NA,NA,25,26.6666666666667,2.20156413603186,28.5799851190476,2.56157321353055,2.80871751180744,0.922668240850059,12.9312977099237,8.46000097160706,11.27,1.47610598836564,8.51716270389096,1.60358053249342
"Sample118","Sample118","1","OSU","2013","3","0","","6","0.6","3.6","2013.3.6","OSU.0.6","2013.OSU.0.6","3.0.6.2","2013.3.0.6.2","Seed","1","OSU.13.SDH.0.6.2","118","2","3","F","Seed","0","2","1","1","0","1","0.0944777658",120,40,NA,89.1785714286,167,NA,832.3333333333,4994,1.8349823924,11.0098943544,50,56,1.4,89.1785714286,124.85,0.6850397351,0.6850397351,NA,NA,20022.2307135971,372.7538713253,NA,NA,NA,NA,NA,4.3015124614,2.5714221626,NA,NA,24,24.6,1.1833973416789,25.7249461382777,2.452751795951,1.79757344761032,0.792143047186537,4.81100096226961,2.70661656864716,6.31,0.884147709218981,4.26702064281822,0.743540824949806
"Sample171","Sample171","1","OSU","2014","3","2","14","1","2.1","3.1","2014.3.1","OSU.2.1","2014.OSU.2.1","3.2.1.7","2014.3.2.1.7","Seed","1","OSU.14.SDH.14.1.7","171","2","10","C","Seed","0","7","4","0","1","1","",24,22,NA,81.6252380952,144.45,1,1369.7,NA,3.0169603524,NA,NA,21,0.9545454545,65.2238095238,62.2590909091,0.7321414285,0.7172473561,NA,NA,29732.3050915205,768.7833304344,1371.9398511048,0.0956061925,2.5856835791,178.4559832131,0.0124360387,4.4732431871,2.8863685023,3.1376515111,0.0396544783,20,27,6.63569193132166,30.6666666666667,2.05457621629754,1.74516592914897,0.762749329456809,4.21495120629365,3.46789632151378,6.01,1.11459554652046,3.86258576092794,0.747980153905774
"Sample172","Sample172","1","OSU","2014","3","2","14","2","2.2","3.2","2014.3.2","OSU.2.2","2014.OSU.2.2","3.2.2.5","2014.3.2.2.5","Seed","1","OSU.14.SDH.14.2.5","172","2","10","D","Seed","0","5","4","0","0","1","",24,22,NA,69.7857142857,123,1,815,NA,1.795154185,NA,NA,14,0.6363636364,58.2142857143,37.0454545455,0.7321612385,0.7072099675,NA,NA,39063.8218569657,187.4427453696,2.8771959048,0,0.4798371907,1.534973199,0,4.5917858482,2.2751794227,0.5885177454,0,28,35.8571428571429,6.32968789653856,46.7284412778918,4.19070965619455,2.24753191034641,0.833164544753086,5.99392975863564,7.66616176735624,8.03,1.702375049183,5.11792457975118,1.31828918983535
"Sample30","Sample30","1","OSU","2014","3","2","1","1","2.1","3.1","2014.3.1","OSU.2.1","2014.OSU.2.1","3.2.1.3","2014.3.2.1.3","Crown","1","OSU.14.CR8.2.1.3","30","1","4","F","Crown","0","3","3","0","1","0","",NA,NA,NA,NA,NA,NA,NA,NA,NA,NA,NA,NA,NA,NA,NA,0.5566951146,NA,NA,NA,NA,0.1644212484,NA,NA,NA,NA,NA,NA,0.0661101219,NA,NA,14,16,2.86744175568088,16.6776859504132,1.7646475603373,2.10136370047834,0.82375,5.67375886524823,4.91260530967329,7.87,1.42598539383626,4.85170954281869,1.21522193862525
"Sample17","Sample17","1","PC","2014","2","1","1","1","1.1","2.1","2014.2.1","PC.1.1","2014.PC.1.1","2.1.1.2","2014.2.1.1.2","Crown","1","PC.14.CR8.1.1.2","17","1","3","A","Crown","0","2","4","1","0","0","",NA,NA,NA,NA,NA,NA,NA,NA,NA,NA,NA,NA,NA,NA,NA,0.7004601205,NA,NA,NA,NA,0.7027834695,NA,NA,NA,NA,NA,NA,0.2311594254,NA,NA,10,12,2.86097626435194,13.4671052631579,1.73097440477926,1.62684756775718,0.680367766360195,3.12859560067682,4.09393528901417,6.49,1.09632075229797,3.10991456626253,0.889349637298815
"Sample86","Sample86","1","OSU","2013","3","0","5","5","0.5","3.5","2013.3.5","OSU.0.5","2013.OSU.0.5","3.0.5.3","2013.3.0.5.3","Crown","1","OSU.13.CR8.0.5.3","86","1","11","F","Crown","0","3","2","0","0","0","0.0853552895",NA,NA,NA,NA,NA,NA,NA,NA,NA,NA,NA,NA,NA,NA,NA,0.7442516556,NA,NA,NA,NA,0.2126411487,NA,NA,NA,NA,NA,NA,0.0837323011,NA,NA,16,25.3333333333333,8.82675653505719,25.8974358974359,2.57212809618265,2.49644546836439,0.8975,9.75609756097561,9.88391771467071,10,1.49747261825525,7.37522571337027,1.488666385823
"Sample115","Sample115","1","OSU","2013","3","0","","5","0.5","3.5","2013.3.5","OSU.0.5","2013.OSU.0.5","3.0.5.3","2013.3.0.5.3","Seed","1","OSU.13.SDH.0.5.3","115","2","3","C","Seed","0","3","2","0","0","1","0.082223072",120,40,NA,93.1320754717,155,NA,822.6666666667,4936,1.813671023,10.882026138,57,53,1.325,93.1320754717,123.4,0.7380993377,0.7380993377,NA,NA,12819.374976596,19.863768886,NA,NA,NA,NA,NA,4.1078668512,1.2980616536,NA,NA,5,5,0.223606797749979,5.70059027071036,1.10316075006412,1.35733995504522,0.711058263971463,3.46090534979424,1.74171612913243,4.32,0.601009252185123,3.23362782181402,0.483122873165438
"Sample276","Sample276","2","CD","2012","0","","","","","","","","","","2012","Seed_stock","1","CRG.12.CD.B","276","3","11","D","Seed","0","","2","","","","",NA,NA,NA,NA,NA,NA,NA,NA,NA,NA,NA,NA,NA,NA,NA,NA,NA,NA,NA,NA,NA,NA,NA,NA,NA,NA,NA,NA,NA,NA,13,23,10.2203973376347,23.4545454545455,1.83842455383749,1.83073548994373,0.792523529282109,4.81982364814618,3.0518203971385,6.33,1.10146825793226,4.29954590444812,0.881447244587295
"Sample117","Sample117","1","OSU","2013","3","0","","6","0.6","3.6","2013.3.6","OSU.0.6","2013.OSU.0.6","3.0.6.1","2013.3.0.6.1","Seed","1","OSU.13.SDH.0.6.1","117","2","3","E","Seed","0","1","1","0","0","1","0.0944777658",120,40,NA,96.512195122,171,NA,659.5,3957,1.4539498051,8.7236988307,54,41,1.025,96.512195122,98.925,0.6497549669,0.6497549669,NA,NA,19661.1252160634,30.110642976,NA,NA,NA,NA,NA,4.2936083691,1.4787200294,NA,NA,11,18,7.07597657178459,28.9886538461539,3.01510109743539,1.9562449785357,0.801097393689986,5.02758620689655,6.92005502138001,7.17,1.25573432176901,4.31544090438999,1.07549186222192
"Sample50","Sample50","1","PC","2014","2","2","2","2","2.2","2.2","2014.2.2","PC.2.2","2014.PC.2.2","2.2.2.4","2014.2.2.2.4","Crown","1","PC.14.CR8.2.2.4","50","1","7","B","Crown","0","4","4","1","1","0","",NA,NA,NA,NA,NA,NA,NA,NA,NA,NA,NA,NA,NA,NA,NA,0.7005240416,NA,NA,NA,NA,0.3226219681,NA,NA,NA,NA,NA,NA,0.1214357318,NA,NA,5,5,0.447213595499958,5.681640625,1.08072711791023,1.03200730473007,0.5216,2.09030100334448,1.38314482289328,3.78,0.811284055175386,2.04826068290461,0.443857895113123
"Sample87","Sample87","1","OSU","2013","3","0","2","2","0.2","3.2","2013.3.2","OSU.0.2","2013.OSU.0.2","3.0.2.4","2013.3.0.2.4","Crown","1","OSU.13.CR8.0.2.4","87","1","11","G","Crown","0","4","2","1","0","0","0.0944165317",NA,NA,NA,NA,NA,NA,NA,NA,NA,NA,NA,NA,NA,NA,NA,0.6421655629,NA,NA,NA,NA,0.1575852383,NA,NA,NA,NA,NA,NA,0.06355298,NA,NA,9,9.5,1.2760444638351,10.6033311417927,1.46409815142407,1.87360827258167,0.806662700773349,5.17230769230769,3.56224462117607,6.76,1.0552418459933,4.47151441853822,0.897596202025786
"Sample148","Sample148","1","OSU","2014","3","2","9","4","2.4","3.4","2014.3.4","OSU.2.4","2014.OSU.2.4","3.2.4.2","2014.3.2.4.2","Seed","1","OSU.14.SDH.9.4.2","148","2","7","D","Seed","0","2","3","1","0","1","",24,22,NA,61.6153846154,106,1,652,NA,1.436123348,NA,NA,13,0.5909090909,50.1538461538,29.6363636364,0.6551066917,0.6404727054,NA,NA,37163.5418229627,7.1781866928,5.7620581872,0,0.0193151307,80.2717794033,0,4.570128783,0.9126570205,0.8300789035,0,22,31,8.02874121415499,30.1911367034645,2.4929489135032,2.72994904785372,0.914819944598338,11.739837398374,10.3849032942347,10.87,1.39011662907263,7.9330025426849,1.48061699041567
"Sample157","Sample157","1","AS","2014","1","3","5","2","3.2","1.2","2014.1.2","AS.3.2","2014.AS.3.2","1.3.2.2","2014.1.3.2.2","Seed","1","AS.14.SDH.5.2.2","157","2","8","E","Seed","0","2","3","1","0","1","",20,18,NA,77.112,172.368,1,1298.44,NA,2.86,NA,NA,27,1.5,48.0903703704,72.1355555556,0.5397606337,0.5791324088,82,120.5,NA,NA,NA,NA,NA,NA,NA,NA,NA,NA,NA,38,129,50.6759349947971,64.9232017306652,4.08800335875128,2.25699545018799,0.839195698906397,6.21873913321451,6.65872155852137,8.05,1.64761842204027,5.0444245297037,1.15678107246661
"Sample128","Sample128","1","OSU","2014","3","1","2","4","1.4","3.4","2014.3.4","OSU.1.4","2014.OSU.1.4","3.1.4.6","2014.3.1.4.6","Seed","1","OSU.14.SDH.2.4.6","128","2","4","H","Seed","0","6","4","1","0","1","",24,22,NA,80.6923076923,133,1,865,NA,1.9052863436,NA,NA,13,0.5909090909,66.5384615385,39.3181818182,0.7268296425,0.7971587381,NA,NA,44778.0399317433,230.8885318296,376.66333734,0,0.5156289382,163.1364426614,0,4.651074778,2.3652792709,2.5771048266,0,30,52.75,16.6797202164429,84.0826446280992,7.09522904875805,2.01527538162855,0.814556046655944,5.39246484971495,5.3885709562532,6.71,1.23333333333333,4.48914084620545,0.906930126619984
"Sample42","Sample42","1","OSU","2014","3","1","1","1","1.1","3.1","2014.3.1","OSU.1.1","2014.OSU.1.1","3.1.1.8","2014.3.1.1.8","Crown","1","OSU.14.CR8.1.1.8","42","1","6","B","Crown","0","8","4","1","1","0","",NA,NA,NA,NA,NA,NA,NA,NA,NA,NA,NA,NA,NA,NA,NA,0.6921341283,NA,NA,NA,NA,36.7408973403,NA,NA,NA,NA,NA,NA,1.5768122219,NA,NA,10,12,2.86097626435194,16.1917355371901,2.31531457837735,1.22519407723856,0.5215625,2.09013716525147,3.0167141765086,5.07,1.17426099692057,2.27349325440334,0.65186294927383
"Sample120","Sample120","1","OSU","2013","3","0","","6","0.6","3.6","2013.3.6","OSU.0.6","2013.OSU.0.6","3.0.6.4","2013.3.0.6.4","Seed","1","OSU.13.SDH.0.6.4","120","2","3","H","Seed","0","4","2","1","0","1","0.0944777658",120,40,NA,91.1956521739,152,NA,699.1666666667,4195,1.5413999071,9.2483994427,60,46,1.15,91.1956521739,104.875,0.7980993377,0.7980993377,NA,NA,11546.3281455651,20.1714367771,NA,NA,NA,NA,NA,4.0624438959,1.3047368334,NA,NA,5,5,0.447213595499958,5.64237415477085,1.11054136426059,1.39451038060114,0.726851851851852,3.66101694915254,1.5767878275524,4.29,0.607944043145387,3.35799126656927,0.491099642677749
"Sample165","Sample165","1","AS","2014","1","3","5","3","3.3","1.3","2014.1.3","AS.3.3","2014.AS.3.3","1.3.3.4","2014.1.3.3.4","Seed","1","AS.14.SDH.5.3.4","165","2","9","E","Seed","0","4","3","1","1","1","",20,18,NA,109.6666666667,168,1,1870.48,NA,4.12,NA,NA,27,1.5,69.277037037,103.9155555556,0.6958817674,0.6334550607,132,119,22122.9281980831,582.5764251072,361.4469605136,12.6478082454,2.6333603757,62.0428402071,2.1710127119,4.3448622403,2.7660977393,2.5592444621,1.1350629119,22,26.2,4.33149869168057,31.0981305453947,2.92286782560388,1.76859070914444,0.765548989674763,4.26528338953529,4.399359774171,5.58,1.19915795372411,3.70850740407684,0.677852061127815
"Sample170","Sample170","1","PC","2014","2","1","1","4","1.4","2.4","2014.2.4","PC.1.4","2014.PC.1.4","2.1.4.1","2014.2.1.4.1","Seed","1","PC.14.SDH.1.4.1","170","2","10","B","Seed","0","1","4","0","0","1","",16,15,NA,62.4444444444,111,1,448,NA,0.986784141,NA,NA,9,0.6,49.7777777778,29.8666666667,0.6656582813,0.6656582813,NA,NA,31115.6678312079,2.5294326336,1.4665267776,0,0.0081291285,57.9784872749,0,4.4929930838,0.5477048969,0.3920858347,0,13,23.5,10.4840304090088,22.0213903743316,2.03431834609375,1.95696534294475,0.790402897238569,4.77105831533477,5.94503850070596,7.27,1.35478948381457,4.19217948803146,1.06310745243944
"Sample145","Sample145","1","AS","2014","1","1","2","2","1.2","1.2","2014.1.2","AS.1.2","2014.AS.1.2","1.1.2.1","2014.1.1.2.1","Seed","1","AS.14.SDH.2.2.1","145","2","7","A","Seed","0","1","3","0","0","1","",20,18,NA,96.6,184,1,935.24,NA,2.06,NA,NA,15,0.8333333333,62.3493333333,51.9577777778,0.6652724629,0.6228911059,153,129,28440.9786945481,68.0492127768,22.3753848984,0.4257894654,0.2392646663,32.881181112,0.6257081427,4.4539598068,1.8391587316,1.3687587707,0.1540554016,36,51.6,11.6365367526983,53.6359704732957,3.44619439271797,2.02935781975488,0.816209571953121,5.44097976497956,6.08249371761508,6.78,1.32253200683042,4.62704865252452,0.972648767977679
"Sample177","Sample177","1","AS","2014","1","3","6","3","3.3","1.3","2014.1.3","AS.3.3","2014.AS.3.3","1.3.3.1","2014.1.3.3.1","Seed","1","AS.14.SDH.6.3.1","177","2","11","A","Seed","0","1","3","0","0","1","",20,18,NA,83.4349090909,208.656,1,1684.34,NA,3.71,NA,NA,33,1.8333333333,51.0406060606,93.5744444444,0.6059726307,0.587311218,139,143,22102.7312807864,2584.4996568864,1517.760924948,37.987674859,11.6931234609,58.7255224006,1.4698270421,4.3444655921,3.4125444845,3.181489415,1.5909273356,94,125.166666666667,14.1365806215208,135.974799020351,6.18302710634751,2.93083216204377,0.925252623357493,13.3783959373274,16.9668924199723,11.43,1.46511626042634,8.75312865129429,1.61207382361204
"Sample277","Sample277","2","OSU","2013","","","","","","","","","","","2013","Silk","1","Silk.13.OSU.1","277","3","11","E","Silk","0","","","","","","",NA,NA,NA,NA,NA,NA,NA,NA,NA,NA,NA,NA,NA,NA,NA,NA,NA,NA,NA,NA,NA,NA,NA,NA,NA,NA,NA,NA,NA,NA,6,6.5,1.26529108843046,7.56232686980609,1.09812218942723,1.53908464242777,0.748299319727891,3.97297297297297,2.80621793483194,5.08,0.676891289781319,3.70227016818821,0.603819261087251
"Sample138","Sample138","1","PC","2014","2","1","1","1","1.1","2.1","2014.2.1","PC.1.1","2014.PC.1.1","2.1.1.2","2014.2.1.1.2","Seed","1","PC.14.SDH.1.1.2","138","2","6","B","Seed","0","2","4","1","0","1","",16,15,NA,75,125,1,441,NA,0.9713656388,NA,NA,8,0.5333333333,55.125,29.4,0.7004601205,0.7004601205,NA,NA,19823.1565194207,268.7765847408,161.3241987192,3.6102040181,1.3558717779,60.0216714841,1.3431988585,4.297194718,2.4310042524,2.2103832677,0.6637201449,29,35.4285714285714,5.4618763086316,43.1311134235172,3.89682060237487,2.18865195467756,0.839440375478872,6.22821586050988,6.00368699261675,7.96,1.30979218029257,5.27211161516247,1.1801311577602
"Sample162","Sample162","1","PC","2014","2","1","1","3","1.3","2.3","2014.2.3","PC.1.3","2014.PC.1.3","2.1.3.3","2014.2.1.3.3","Seed","1","PC.14.SDH.1.3.3","162","2","9","B","Seed","0","3","4","0","1","1","",16,15,NA,72.8333333333,106,1,711,NA,1.5660792952,NA,NA,12,0.8,59.25,47.4,0.8303780709,0.8303780709,NA,NA,34600.845721465,87.8471605584,68.0579018208,1.8278685615,0.2538873219,77.4730809604,2.0807372144,4.5390992654,1.9486435529,1.8392133791,0.4514592197,26,29.5,3.65657316444892,32.080496708059,2.70207559611435,2.60165627746265,0.883459958656608,8.58074176457037,8.09258665470451,10.14,1.58923143866983,6.85569686822002,1.71920351033304
"Sample142","Sample142","1","PC","2014","2","1","1","2","1.2","2.2","2014.2.2","PC.1.2","2014.PC.1.2","2.1.2.2","2014.2.1.2.2","Seed","1","PC.14.SDH.1.2.2","142","2","6","F","Seed","0","2","4","1","0","1","",16,15,NA,72.1538461538,111,1,707,NA,1.5572687225,NA,NA,13,0.8666666667,54.3846153846,47.1333333333,0.5857201571,0.5857201571,NA,NA,23464.7537043863,539.0790941232,420.0334069128,9.3135326385,2.2973993289,77.9168421651,1.7276746103,4.370434508,2.7324573665,2.6243165563,1.0134074473,24,30.4285714285714,5.46074444068968,37.3333333333333,2.2479518595236,2.08750452242052,0.833201539940823,5.99525918671682,5.20311804324249,7.44,1.32054472996502,5.06488375343385,1.12452646708975
"Sample168","Sample168","1","OSU","2014","3","2","13","3","2.3","3.3","2014.3.3","OSU.2.3","2014.OSU.2.3","3.2.3.6","2014.3.2.3.6","Seed","1","OSU.14.SDH.13.3.6","168","2","9","H","Seed","0","6","4","1","0","1","",24,22,NA,68.88,96.29,1,620.48,NA,1.3666960352,NA,NA,11,0.5,56.4072727273,28.2036363636,0.6312282152,0.6605716654,NA,NA,30159.0242101604,6.2549199528,0,0,0.0207397955,0,0,4.4794316858,0.860632625,0,0,11,11.25,0.730950199702035,12.2804232804233,1.52857429408154,2.08685057389069,0.848700605197579,6.60941176470588,4.21890373795158,7.6,1.11010055054632,5.23216378337929,1.01884372775247
"Sample153","Sample153","1","AS","2014","1","3","5","2","3.2","1.2","2014.1.2","AS.3.2","2014.AS.3.2","1.3.2.1","2014.1.3.2.1","Seed","1","AS.14.SDH.5.2.1","153","2","8","A","Seed","0","1","3","0","0","1","",20,18,NA,119.2272727273,183,1,1825.08,NA,4.02,NA,NA,22,1.2222222222,82.9581818182,101.3933333333,0.5971108382,0.5513815426,78,103,26336.738130282,219.2215730088,41.8339194048,0,0.8323793627,19.0829391609,0,4.4205784753,2.3428598604,1.6317878152,0,44,51.8571428571429,6.33216229482929,52.7982888888889,3.56795867449551,2.09534517643792,0.826348929053929,5.75867453366044,7.1080899398579,7.53,1.3443108707333,4.95030262500539,1.04771035078403
"Sample123","Sample123","1","OSU","2014","3","1","1","4","1.4","3.4","2014.3.4","OSU.1.4","2014.OSU.1.4","3.1.4.1","2014.3.1.4.1","Seed","1","OSU.14.SDH.1.4.1","123","2","4","C","Seed","0","1","3","0","0","1","",24,22,NA,82.4483333333,133.06,1,835,NA,1.8392070485,NA,NA,12,0.5454545455,69.5833333333,37.9545454545,0.717339866,0.7069984669,NA,NA,32672.9820437778,61.009812084,73.673274528,0,0.186728631,120.756435746,0,4.514202066,1.7924604153,1.8731651962,0,20,41,17.3813047869704,26.8557966250274,2.4333146784731,2.1933322837492,0.828046905036524,5.81553940749022,5.49255114236032,8.37,1.52192727364438,5.18525961025056,1.42711767883733
"Sample134","Sample134","1","PC","2014","2","1","1","2","1.2","2.2","2014.2.2","PC.1.2","2014.PC.1.2","2.1.2.1","2014.2.1.2.1","Seed","1","PC.14.SDH.1.2.1","134","2","5","F","Seed","0","1","4","0","0","1","",16,15,NA,82.8892307692,131.06,1,893,NA,1.9669603524,NA,NA,13,0.8666666667,68.6923076923,59.5333333333,0.6824451811,0.6824451811,NA,NA,26420.3849310817,302.5893433128,200.0249781168,4.7977141784,1.1452874139,66.1044357765,1.5855529233,4.4219555783,2.4822865228,2.3032500235,0.7632568013,16,21,5.99106477538485,23.3029439696106,1.95455215928901,1.78987813705517,0.791349449936224,4.79270243809251,2.42125137824445,6.2,0.984731927834662,4.30924147099379,0.933211197969124
"Sample149","Sample149","1","AS","2014","1","1","2","2","1.2","1.2","2014.1.2","AS.1.2","2014.AS.1.2","1.1.2.3","2014.1.1.2.3","Seed","1","AS.14.SDH.2.2.3","149","2","7","E","Seed","0","3","3","0","1","1","",20,18,NA,114.21875,218,1,2587.8,NA,5.7,NA,NA,32,1.7777777778,80.86875,143.7666666667,0.7431860131,0.6416797488,73,103,28557.291010284,369.706752156,342.9276082512,7.5415194452,1.2946142266,92.7566527393,2.0398652178,4.4557322148,2.5690304965,2.5364670395,0.9315351339,33,40,7.10237636288024,39.0846606150928,3.0392914765468,2.30387755050753,0.85253818229181,6.78141647473034,5.97773644369499,8.27,1.38429138054913,5.48947577980134,1.16447060939041
"Sample183","Sample183","1","OSU","2014","3","2","15","3","2.3","3.3","2014.3.3","OSU.2.3","2014.OSU.2.3","3.2.3.3","2014.3.2.3.3","Seed","1","OSU.14.SDH.15.3.3","183","2","11","G","Seed","0","3","3","0","1","1","",24,22,NA,75.9357142857,146.4,1,856.8,NA,1.8872246696,NA,NA,14,0.6363636364,61.2,38.9454545455,0.7292599585,0.7448403426,NA,NA,36934.7983159195,34.9499099304,54.15465396,0,0.0946259666,154.9493376888,0,4.5674474901,1.5556978066,1.7415821642,0,16,31,13.6399555386656,22.4060444444444,2.39399132555349,2.33872244716281,0.874727826970533,7.98261877172653,5.89770155739472,8.71,1.20012625598436,6.10085973337989,1.36940449174663
"Sample164","Sample164","1","OSU","2014","3","2","12","5","2.5","3.5","2014.3.5","OSU.2.5","2014.OSU.2.5","3.2.5.4","2014.3.2.5.4","Seed","1","OSU.14.SDH.12.5.4","164","2","9","D","Seed","0","4","3","1","1","1","",24,22,NA,74,142,1,966,NA,2.127753304,NA,NA,16,0.7272727273,60.375,43.9090909091,0.6451270235,0.6807817945,NA,NA,46210.9136247634,8.9200418688,7.902177432,0,0.0193028901,88.589017274,0,4.6647539529,0.9965135052,0.9494962461,0,12,15,4.13319892254575,15.1531886916502,1.59091877881151,2.22098073599773,0.870740941049216,7.73640167364017,5.52135073028913,8.18,1.17533575688573,5.87899924940284,1.07176452170951
"Sample181","Sample181","1","AS","2014","1","3","6","3","3.3","1.3","2014.1.3","AS.3.3","2014.AS.3.3","1.3.3.2","2014.1.3.3.2","Seed","1","AS.14.SDH.6.3.2","181","2","11","E","Seed","0","2","3","1","0","1","",20,18,NA,86.5421052632,185.976,1,2397.12,NA,5.28,NA,NA,38,2.1111111111,63.0821052632,133.1733333333,0.616784833,0.6254257602,146,133,18997.7502105986,21.8984464896,3.388730004,0.2382582289,0.1152686305,15.4747507117,1.0880142982,4.2787250328,1.3598060193,0.6423388637,0.0928112228,15,26.25,9.526699245379,45,3.69285357779552,2.17666858875433,0.81469387755102,5.39647577092511,9.94397698804259,8.4,1.49071198499986,4.83929798188827,1.38917344775634
"Sample174","Sample174","1","PC","2014","2","1","1","4","1.4","2.4","2014.2.4","PC.1.4","2014.PC.1.4","2.1.4.2","2014.2.1.4.2","Seed","1","PC.14.SDH.1.4.2","174","2","10","F","Seed","0","2","4","1","0","1","",16,15,NA,40.3333333333,73,1,262,NA,0.577092511,NA,NA,9,0.6,29.1111111111,17.4666666667,0.7084410716,0.7084410716,NA,NA,47967.2855104374,2195.4990595464,0,56.711300533,4.5770758887,0,2.5830710465,4.6809541961,3.3417310217,0,1.7612608613,22,67,30.1692984201519,50.1322094055013,2.81356702519349,2.1254545245848,0.843734793543962,6.39937720417198,4.15261181574345,7.67,1.17253933189829,5.161915675163,1.18809248463734
"Sample48","Sample48","1","OSU","2014","3","2","4","4","2.4","3.4","2014.3.4","OSU.2.4","2014.OSU.2.4","3.2.4.7","2014.3.2.4.7","Crown","1","OSU.14.CR8.2.4.7","48","1","6","H","Crown","0","7","4","0","1","0","",NA,NA,NA,NA,NA,NA,NA,NA,NA,NA,NA,NA,NA,NA,NA,0.7148220715,NA,NA,NA,NA,0.1810822835,NA,NA,NA,NA,NA,NA,0.072280155,NA,NA,13,13.75,1.25241953334336,15.3636363636364,1.84522909223213,2.4485931935594,0.902366863905325,10.2424242424242,10.3467569401882,9.77,1.27805881845647,7.23388917501084,1.35928625031362
"Sample273","Sample273","2","AS","2012","1","","","","","","","","","","2012","Seed_stock","1","CRG.12.AS.OSU.A","273","3","11","A","Seed","0","","1","","","","",NA,NA,NA,NA,NA,NA,NA,NA,NA,NA,NA,NA,NA,NA,NA,NA,NA,NA,NA,NA,NA,NA,NA,NA,NA,NA,NA,NA,NA,NA,6,6,0.152145154862546,6.75,1.20370911214739,0.784708343707913,0.369347293383827,1.58565877781703,1.2894309741431,3.18,0.78341392235355,1.53508046817021,0.251997317669149
"Sample178","Sample178","1","PC","2014","2","1","1","4","1.4","2.4","2014.2.4","PC.1.4","2014.PC.1.4","2.1.4.3","2014.2.1.4.3","Seed","1","PC.14.SDH.1.4.3","178","2","11","B","Seed","0","3","4","0","1","1","",16,15,NA,53.8,74,1,207,NA,0.4559471366,NA,NA,5,0.3333333333,41.4,13.8,0.7414988187,0.7414988187,NA,NA,33375.2474705978,1019.7308019576,2785.4548404408,0,3.0553505344,273.1558990955,0,4.5234375069,3.0089112204,3.4450520089,0,5,5,0,5,0.894427190999916,0.141031998808092,0.0465211671092163,1.04879098046484,0.731984248219957,1.48,0.643224201765896,1.05289606761776,0.072626838846278
"Sample125","Sample125","1","AS","2014","1","1","1","1","1.1","1.1","2014.1.1","AS.1.1","2014.AS.1.1","1.1.1.3","2014.1.1.1.3","Seed","1","AS.14.SDH.1.1.3","125","2","4","E","Seed","0","3","3","0","1","1","",20,18,NA,93.8603076923,154.224,1,1775.14,NA,3.91,NA,NA,26,1.4444444444,68.2746153846,98.6188888889,0.6423729421,0.643955906,143,115,30323.0891214626,603.461502264,495.7405040304,11.8629775842,1.9901056249,82.1494829696,1.9658217699,4.4817877643,2.7813686462,2.6961295736,1.1093415128,49,60,8.87065386541488,58.9906119721223,3.87500709844682,2.67109986337009,0.896644628099174,9.67535582920198,8.88310426264722,9.95,1.64761842204027,7.07135280130365,1.67392987026976
"Sample147","Sample147","1","OSU","2014","3","2","9","3","2.3","3.3","2014.3.3","OSU.2.3","2014.OSU.2.3","3.2.3.2","2014.3.2.3.2","Seed","1","OSU.14.SDH.9.3.2","147","2","7","C","Seed","0","2","3","1","0","1","",24,22,NA,63.1428571429,91,1,345,NA,0.7599118943,NA,NA,7,0.3181818182,49.2857142857,15.6818181818,0.6404026565,0.6684912162,NA,NA,26242.5458498119,4.7112654816,0,0,0.017952776,0,0,4.4190225136,0.7567323483,0,0,15,15.75,1.41677608120892,17.4002306805075,2.06138485367149,2.00353356407608,0.790616941083118,4.77593557555661,4.23516195120316,7.55,1.49325080940811,4.41453881280516,1.15223674177037
"Sample159","Sample159","1","OSU","2014","3","2","12","1","2.1","3.1","2014.3.1","OSU.2.1","2014.OSU.2.1","3.2.1.1","2014.3.2.1.1","Seed","1","OSU.14.SDH.12.1.1","159","2","8","G","Seed","0","1","3","0","0","1","",24,22,NA,62,152,1,789,NA,1.7378854626,NA,NA,15,0.6818181818,52.6,35.8636363636,0.5785070988,0.6022288023,NA,NA,46507.8208045182,3.3093246432,1.9606619064,0,0.0071156304,59.2465870772,0,4.6675353284,0.6344092129,0.4713888158,0,21,28,6.63644563861452,30.8974358974359,2.69367089395619,1.72448321601861,0.649576990841415,2.85369388956833,5.45359381024043,6.85,1.40255898883851,2.84072178961272,0.735300874601679
"Sample90","Sample90","1","OSU","2013","3","0","6","6","0.6","3.6","2013.3.6","OSU.0.6","2013.OSU.0.6","3.0.6.1","2013.3.0.6.1","Crown","1","OSU.13.CR8.0.6.1","90","1","12","B","Crown","0","1","1","0","0","0","0.0783454209",NA,NA,NA,NA,NA,NA,NA,NA,NA,NA,NA,NA,NA,NA,NA,0.7457417219,NA,NA,NA,NA,0.0785869598,NA,NA,NA,NA,NA,NA,0.0328551653,NA,NA,9,14,5.96305590400473,19.3607129953029,2.75740334377918,1.79250551361694,0.767361111111111,4.29850746268657,5.23034193260162,6.49,1.04924215074934,3.91283635279988,0.873069026685731
"Sample27","Sample27","1","OSU","2014","3","1","2","2","1.2","3.2","2014.3.2","OSU.1.2","2014.OSU.1.2","3.1.2.4","2014.3.1.2.4","Crown","1","OSU.14.CR8.1.2.4","27","1","4","C","Crown","0","4","3","1","1","0","",NA,NA,NA,NA,NA,NA,NA,NA,NA,NA,NA,NA,NA,NA,NA,0.6700820741,NA,NA,NA,NA,0.2246275812,NA,NA,NA,NA,NA,NA,0.0880040364,NA,NA,14,21.5,8.10280959024794,20.3626666666667,2.19366555199325,2.33049149399376,0.879962192816635,8.33070866141732,6.85342640233576,9.12,1.29708297437914,6.60095189337097,1.35016377138176
"Sample49","Sample49","1","PC","2014","2","2","2","2","2.2","2.2","2014.2.2","PC.2.2","2014.PC.2.2","2.2.2.3","2014.2.2.2.3","Crown","1","PC.14.CR8.2.2.3","49","1","7","A","Crown","0","3","4","0","1","0","",NA,NA,NA,NA,NA,NA,NA,NA,NA,NA,NA,NA,NA,NA,NA,0.6923364279,NA,NA,NA,NA,1.6711890968,NA,NA,NA,NA,NA,NA,0.4267046333,NA,NA,34,45,8.46820487631,47.6843800322061,3.51373100109854,2.58815833864988,0.881191441380977,8.41690204496667,8.98754365486129,9.7,1.70856428594066,6.32331734611526,1.63539866002825
"Sample52","Sample52","1","PC","2014","2","1","4","4","1.4","2.4","2014.2.4","PC.1.4","2014.PC.1.4","2.1.4.1","2014.2.1.4.1","Crown","1","PC.14.CR8.1.4.1","52","1","7","D","Crown","0","1","4","0","0","0","",NA,NA,NA,NA,NA,NA,NA,NA,NA,NA,NA,NA,NA,NA,NA,0.6656582813,NA,NA,NA,NA,0.7017560303,NA,NA,NA,NA,NA,NA,0.2308972982,NA,NA,30,41.25,9.53869089828527,37.4945139346061,2.66283813339985,2.17135061123341,0.736559443722087,3.79592274678112,8.6857323293729,8.59,1.84278555069726,4.00041030662042,1.43953586954534
"Sample43","Sample43","1","OSU","2014","3","2","1","1","2.1","3.1","2014.3.1","OSU.2.1","2014.OSU.2.1","3.2.1.2","2014.3.2.1.2","Crown","1","OSU.14.CR8.2.1.2","43","1","6","C","Crown","0","2","3","1","0","0","",NA,NA,NA,NA,NA,NA,NA,NA,NA,NA,NA,NA,NA,NA,NA,0.6250869737,NA,NA,NA,NA,1.2120768158,NA,NA,NA,NA,NA,NA,0.3448002041,NA,NA,32,37.5,4.50751964314448,39.711,3.11035388679779,0.656543260696058,0.240004914933837,1.31579798297372,5.26086221115731,3.05,1.13150476371204,1.32112326320743,0.240279815124636
"Sample57","Sample57","1","OSU","2014","3","2","4","4","2.4","3.4","2014.3.4","OSU.2.4","2014.OSU.2.4","3.2.4.4","2014.3.2.4.4","Crown","1","OSU.14.CR8.2.4.4","57","1","8","A","Crown","0","4","3","1","1","0","",NA,NA,NA,NA,NA,NA,NA,NA,NA,NA,NA,NA,NA,NA,NA,0.6159620098,NA,NA,NA,NA,0.1614828361,NA,NA,NA,NA,NA,NA,0.0650127964,NA,NA,12,13.4285714285714,1.92907708635429,16,1.99300449945418,2.41505212191781,0.905,10.5263157894737,12.6662006433849,9.41,1.09262911540851,7.267960378337,1.14692721760849
"Sample29","Sample29","1","OSU","2014","3","1","3","3","1.3","3.3","2014.3.3","OSU.1.3","2014.OSU.1.3","3.1.3.1","2014.3.1.3.1","Crown","1","OSU.14.CR8.1.3.1","29","1","4","E","Crown","0","1","3","0","0","0","",NA,NA,NA,NA,NA,NA,NA,NA,NA,NA,NA,NA,NA,NA,NA,0.6147944979,NA,NA,NA,NA,0.1677783588,NA,NA,NA,NA,NA,NA,0.0673604227,NA,NA,14,32,16.0501533287069,31.5433867918776,2.82588364391479,2.30632188254816,0.87109375,7.75757575757576,9.49030596012041,8.76,1.40791413879619,6.05389153951187,1.24669934597186
"Sample32","Sample32","1","OSU","2014","3","1","5","5","1.5","3.5","2014.3.5","OSU.1.5","2014.OSU.1.5","3.1.5.1","2014.3.1.5.1","Crown","1","OSU.14.CR8.1.5.1","32","1","4","H","Crown","0","1","3","0","0","0","",NA,NA,NA,NA,NA,NA,NA,NA,NA,NA,NA,NA,NA,NA,NA,0.6936678771,NA,NA,NA,NA,0.1691509149,NA,NA,NA,NA,NA,NA,0.0678705739,NA,NA,14,24.5,10.4880884817015,22.4975961538462,2.20579549859074,1.94829110811164,0.760555555555556,4.17633410672854,5.74292032512453,7.52,1.31410375803004,4.20916886460208,1.20430995071133
"Sample89","Sample89","1","OSU","2013","3","0","3","3","0.3","3.3","2013.3.3","OSU.0.3","2013.OSU.0.3","3.0.3.1","2013.3.0.3.1","Crown","1","OSU.13.CR8.0.3.1","89","1","12","A","Crown","0","1","1","0","0","0","0.0783454209",NA,NA,NA,NA,NA,NA,NA,NA,NA,NA,NA,NA,NA,NA,NA,0.724013245,NA,NA,NA,NA,0.2571732465,NA,NA,NA,NA,NA,NA,0.0993951304,NA,NA,11,16,5.97357462077775,15.7572413793103,1.75184264043724,2.15032167212763,0.862222222222222,7.25806451612903,6.26440305229425,7.96,1.17996747087504,5.60052547525831,0.98979997489076
"Sample25","Sample25","1","OSU","2014","3","1","4","4","1.4","3.4","2014.3.4","OSU.1.4","2014.OSU.1.4","3.1.4.8","2014.3.1.4.8","Crown","1","OSU.14.CR8.1.4.8","25","1","4","A","Crown","0","8","4","1","1","0","",NA,NA,NA,NA,NA,NA,NA,NA,NA,NA,NA,NA,NA,NA,NA,0.6725353046,NA,NA,NA,NA,NA,NA,NA,NA,NA,NA,NA,NA,NA,NA,9,10,1.79891942874358,11.0291115311909,1.27824043015796,1.99219801771558,0.843195266272189,6.37735849056604,4.87660569299617,7.03,0.915136463853751,5.15540785257677,0.809477542525624
"Sample45","Sample45","1","OSU","2014","3","1","3","3","1.3","3.3","2014.3.3","OSU.1.3","2014.OSU.1.3","3.1.3.7","2014.3.1.3.7","Crown","1","OSU.14.CR8.1.3.7","45","1","6","E","Crown","0","7","4","0","1","0","",NA,NA,NA,NA,NA,NA,NA,NA,NA,NA,NA,NA,NA,NA,NA,0.6707069993,NA,NA,NA,NA,0.2899806847,NA,NA,NA,NA,NA,NA,0.1105832075,NA,NA,11,47,25.521580355256,NA,NA,1.37789737995606,0.603298611111111,2.52078774617068,4.46421820622275,4.98,1.51744069492889,2.52580278321178,0.668782562917614
"Sample85","Sample85","1","OSU","2013","3","0","2","2","0.2","3.2","2013.3.2","OSU.0.2","2013.OSU.0.2","3.0.2.3","2013.3.0.2.3","Crown","1","OSU.13.CR8.0.2.3","85","1","11","E","Crown","0","3","2","0","0","0","0.0853552895",NA,NA,NA,NA,NA,NA,NA,NA,NA,NA,NA,NA,NA,NA,NA,0.6520463576,NA,NA,NA,NA,0.1580336132,NA,NA,NA,NA,NA,NA,0.0637211654,NA,NA,9,11,2.85862155097823,13.5608465608466,1.86339270822084,1.94399817717146,0.822314049586777,5.62790697674419,5.6853719830432,7.05,1.01876336206147,4.61500577635386,1.04655397497901
"Sample103","Sample103","1","OSU","2013","3","0","","2","0.2","3.2","2013.3.2","OSU.0.2","2013.OSU.0.2","3.0.2.3","2013.3.0.2.3","Seed","1","OSU.13.SDH.0.2.3","103","2","1","G","Seed","0","3","2","0","0","1","0.0853552895",120,40,NA,91.5818181818,164,NA,839.5,5037,1.8507822008,11.1046932045,57,55,1.375,91.5818181818,125.925,0.7257615894,0.7257615894,NA,NA,20337.3568515597,39.364250826,NA,NA,NA,NA,NA,4.3082945091,1.5951019904,NA,NA,15,16.5,2.57169911996648,16.6330221322713,1.91649390006382,2.43656146830344,0.899507540781779,9.9509954058193,4.62247439862587,9.22,1.31487219488773,6.99526180632989,1.1745901239081
"Sample150","Sample150","1","PC","2014","2","1","1","2","1.2","2.2","2014.2.2","PC.1.2","2014.PC.1.2","2.1.2.4","2014.2.1.2.4","Seed","1","PC.14.SDH.1.2.4","150","2","7","F","Seed","0","4","4","1","1","1","",16,15,NA,73.8333333333,120,1,355,NA,0.781938326,NA,NA,6,0.4,59.1666666667,23.6666666667,0.7128757717,0.7128757717,NA,NA,21754.9768707325,219.064567464,148.357548216,2.8336565922,1.0069629987,67.7232059632,1.2935257513,4.3375785884,2.3425501225,2.1742271758,0.5836132074,16,44,21.324335223572,48.1304347826087,3.70162925637364,1.9735479367848,0.809541420118343,5.2504854368932,4.0398195111093,7.09,1.2316942425256,4.66871615678476,1.08189761045145
"Sample131","Sample131","1","OSU","2014","3","1","2","5","1.5","3.5","2014.3.5","OSU.1.5","2014.OSU.1.5","3.1.5.2","2014.3.1.5.2","Seed","1","OSU.14.SDH.2.5.2","131","2","5","C","Seed","0","2","3","1","0","1","",24,22,NA,76.2,143,1,957,NA,2.1079295154,NA,NA,15,0.6818181818,63.8,43.5,0.6915030271,0.716763555,NA,NA,33854.4689201193,5.7354891936,0,0,0.0169416014,0,0,4.5296288334,0.8283691437,0,0,12,15.75,4.18923205117256,19.92,2.13415305249519,0.842144851013749,0.52350825467674,2.09867224314995,2.08073750195176,2.47,0.673525325163326,2.00729253323037,0.186378757249251
"Sample127","Sample127","1","OSU","2014","3","1","2","3","1.3","3.3","2014.3.3","OSU.1.3","2014.OSU.1.3","3.1.3.7","2014.3.1.3.7","Seed","1","OSU.14.SDH.2.3.7","127","2","4","G","Seed","0","7","4","0","1","1","",24,22,NA,73.8235294118,137,1,1043,NA,2.2973568282,NA,NA,17,0.7727272727,61.3529411765,47.4090909091,0.6707069993,0.678252882,NA,NA,38343.1616106596,14.0075010912,0,0,0.0365319408,0,0,4.5836992464,1.1763083836,0,0,12,21.3333333333333,8.81847107489532,30.2206060606061,2.81900437122271,2.19765355941704,0.854442344045369,6.87012987012987,10.1230481600217,8.31,1.21185224288519,5.61732910726702,1.30975070115842
"Sample175","Sample175","1","OSU","2014","3","2","14","3","2.3","3.3","2014.3.3","OSU.2.3","2014.OSU.2.3","3.2.3.1","2014.3.2.3.1","Seed","1","OSU.14.SDH.14.3.1","175","2","10","G","Seed","0","1","3","0","0","1","",24,22,NA,59.75,91,1,396,NA,0.872246696,NA,NA,8,0.3636363636,49.5,18,0.7101011394,0.7834268048,NA,NA,37358.153591447,1048.6856747112,1745.3330431896,0,2.8071132374,166.4305220599,0,4.5723970283,3.0210592703,3.2421270716,0,26,30.6666666666667,4.48590265141368,36.8820855468536,3.89112845152447,1.80352580596872,0.764316012166529,4.24296961873616,4.69102541836069,6.13,1.16041615662902,3.85536654301239,0.772287936317303
"Sample140","Sample140","1","OSU","2014","3","2","9","2","2.2","3.2","2014.3.2","OSU.2.2","2014.OSU.2.2","3.2.2.8","2014.3.2.2.8","Seed","1","OSU.14.SDH.9.2.8","140","2","6","D","Seed","0","8","4","1","1","1","",24,22,NA,72.76,111.8,1,831.5,NA,1.8314977974,NA,NA,14,0.6363636364,59.3928571429,37.7954545455,0.7421955174,0.6884755197,NA,NA,32340.3285710029,1478.2774294152,0,0,4.5710031244,0,0,4.5097578566,3.1700496309,0,0,12,12,0.478713553878169,12.548828125,1.58940153411664,1.78178430622702,0.781968801052495,4.5864995689941,1.89906813479672,6.11,1.03372426622667,4.19716710081674,0.794786022928493
"Sample116","Sample116","1","OSU","2013","3","0","","5","0.5","3.5","2013.3.5","OSU.0.5","2013.OSU.0.5","3.0.5.4","2013.3.0.5.4","Seed","1","OSU.13.SDH.0.5.4","116","2","3","D","Seed","0","4","2","1","0","1","0.082223072",120,40,NA,95.8611111111,185,NA,862.75,5176.5,1.9020397185,11.4122383111,54,54,1.35,95.8611111111,129.4125,0.6105761589,0.6105761589,NA,NA,19122.3209658421,26.8327256133,NA,NA,NA,NA,NA,4.2815406035,1.4286647897,NA,NA,24,27,4.15554070110239,25.2626051282051,1.8505176807224,2.77578523377198,0.909612192545647,11.0634390651085,8.30795622013036,11.1,1.54723604984482,7.87931693821961,1.65494382785341
"Sample156","Sample156","1","OSU","2014","3","2","11","4","2.4","3.4","2014.3.4","OSU.2.4","2014.OSU.2.4","3.2.4.7","2014.3.2.4.7","Seed","1","OSU.14.SDH.11.4.7","156","2","8","D","Seed","0","7","4","0","1","1","",24,22,NA,61.0909090909,105,1,541,NA,1.1916299559,NA,NA,11,0.5,49.1818181818,24.5909090909,0.7148220715,0.6733530497,NA,NA,37791.7934609987,6.2651647416,5.2683682656,0,0.0165781091,84.0898600897,0,4.5774089941,0.8612454666,0.7971545033,0,12,17,5.50489977825459,21.2068965517241,2.76172859660357,2.17007065922118,0.848888888888889,6.61764705882353,7.41295152535712,8.23,1.27013082917955,5.48551202163823,1.30420653294141
"Sample99","Sample99","1","OSU","2013","3","0","","1","0.1","3.1","2013.3.1","OSU.0.1","2013.OSU.0.1","3.0.1.3","2013.3.0.1.3","Seed","1","OSU.13.SDH.0.1.3","99","2","1","C","Seed","0","3","2","0","0","1","0.0671357035",120,40,NA,89,144,NA,637.8333333333,3827,1.4061829427,8.437097656,52,43,1.075,89,95.675,0.7205099338,0.7205099338,NA,NA,16471.8655427861,30.7561758345,NA,NA,NA,NA,NA,4.2167427885,1.4879323351,NA,NA,26,35.3333333333333,8.83924818121077,32.2232544636377,2.48617725566886,2.94529878454171,0.9365338882283,15.7564402810304,10.4155150220506,12.05,1.3586609569571,9.22227744619143,1.55332672897573
"Sample59","Sample59","1","OSU","2014","3","2","3","3","2.3","3.3","2014.3.3","OSU.2.3","2014.OSU.2.3","3.2.3.8","2014.3.2.3.8","Crown","1","OSU.14.CR8.2.3.8","59","1","8","C","Crown","0","8","4","1","1","0","",NA,NA,NA,NA,NA,NA,NA,NA,NA,NA,NA,NA,NA,NA,NA,0.6186240791,NA,NA,NA,NA,0.1234356838,NA,NA,NA,NA,NA,NA,0.0505482143,NA,NA,12,19,7.07850712777029,28.45,3.16706577931042,0.956408416222831,0.3686,1.58378207158695,3.56060846202051,4.01,1.36696227401705,1.574384163427,0.352582404871499
"Sample93","Sample93","1","OSU","2013","3","0","3","3","0.3","3.3","2013.3.3","OSU.0.3","2013.OSU.0.3","3.0.3.3","2013.3.0.3.3","Crown","1","OSU.13.CR8.0.3.3","93","1","12","E","Crown","0","3","2","0","0","0","0.0944777658",NA,NA,NA,NA,NA,NA,NA,NA,NA,NA,NA,NA,NA,NA,NA,0.6850397351,NA,NA,NA,NA,0.1992151697,NA,NA,NA,NA,NA,NA,0.0788971136,NA,NA,7,13,7.07650500437349,11.9958847736626,1.58182791374034,1.61744620695259,0.764462809917355,4.24561403508772,3.54407550883696,5.2,0.852802865422442,3.66124288279903,0.57200176083423
"Sample65","Sample65","1","PC","2014","2","1","4","4","1.4","2.4","2014.2.4","PC.1.4","2014.PC.1.4","2.1.4.4","2014.2.1.4.4","Crown","1","PC.14.CR8.1.4.4","65","1","9","A","Crown","0","4","4","1","1","0","",NA,NA,NA,NA,NA,NA,NA,NA,NA,NA,NA,NA,NA,NA,NA,0.73531321,NA,NA,NA,NA,0.532108985,NA,NA,NA,NA,NA,NA,0.1852896595,NA,NA,16,17.5,2.57321366610481,17.2692307692308,1.91452442538848,2.15835892960022,0.848899464604402,6.61811023622047,4.3861930125505,7.7,1.25930877304122,5.57337324321288,1.09877780364118
"Sample58","Sample58","1","OSU","2014","3","2","2","2","2.2","3.2","2014.3.2","OSU.2.2","2014.OSU.2.2","3.2.2.6","2014.3.2.2.6","Crown","1","OSU.14.CR8.2.2.6","58","1","8","B","Crown","0","6","4","1","0","0","",NA,NA,NA,NA,NA,NA,NA,NA,NA,NA,NA,NA,NA,NA,NA,0.7794414613,NA,NA,NA,NA,0.1942101273,NA,NA,NA,NA,NA,NA,0.0770807498,NA,NA,10,11.5,2.56014605561615,12.5787197231834,1.48848842783306,2.01679959413929,0.837107377647918,6.1390134529148,4.50205162756117,7.33,1.00559043412918,5.27908348153965,0.97239113071585
"Sample36","Sample36","1","PC","2014","2","1","2","2","1.2","2.2","2014.2.2","PC.1.2","2014.PC.1.2","2.1.2.2","2014.2.1.2.2","Crown","1","PC.14.CR8.1.2.2","36","1","5","D","Crown","0","2","4","1","0","0","",NA,NA,NA,NA,NA,NA,NA,NA,NA,NA,NA,NA,NA,NA,NA,0.5857201571,NA,NA,NA,NA,1.0077965725,NA,NA,NA,NA,NA,NA,0.3027197085,NA,NA,9,11,2.85862155097823,13.5608465608466,1.86339270822084,1.94399817717146,0.822314049586777,5.62790697674419,5.6853719830432,7.01,1.03957061843199,4.8403805366273,1.0455849905296
"Sample51","Sample51","1","PC","2014","2","2","3","3","2.3","2.3","2014.2.3","PC.2.3","2014.PC.2.3","2.2.3.1","2014.2.2.3.1","Crown","1","PC.14.CR8.2.3.1","51","1","7","C","Crown","0","1","4","0","0","0","",NA,NA,NA,NA,NA,NA,NA,NA,NA,NA,NA,NA,NA,NA,NA,0.5277223001,NA,NA,NA,NA,330.8316610497,NA,NA,NA,NA,NA,NA,2.520917821,NA,NA,7,7,0.462910049886276,8.11111111111111,1.10612472644814,0.362029289373375,0.15498414942893,1.18340975417703,0.859596610223761,2.23,0.789514618821801,1.21008921721657,0.166080943749965
"Sample33","Sample33","1","OSU","2014","3","2","2","2","2.2","3.2","2014.3.2","OSU.2.2","2014.OSU.2.2","3.2.2.3","2014.3.2.2.3","Crown","1","OSU.14.CR8.2.2.3","33","1","5","A","Crown","0","3","3","0","1","0","",NA,NA,NA,NA,NA,NA,NA,NA,NA,NA,NA,NA,NA,NA,NA,0.6845088937,NA,NA,NA,NA,0.2260482418,NA,NA,NA,NA,NA,NA,0.0885075589,NA,NA,12,19.5,8.09469199300001,21.8163265306122,2.53138295460441,2.0643616088167,0.839506172839506,6.23076923076923,5.35432137596066,7.28,1.32634532426209,5.10509853727642,0.966248174231277
"Sample64","Sample64","1","OSU","2014","3","2","4","4","2.4","3.4","2014.3.4","OSU.2.4","2014.OSU.2.4","3.2.4.3","2014.3.2.4.3","Crown","1","OSU.14.CR8.2.4.3","64","1","8","H","Crown","0","3","3","0","1","0","",NA,NA,NA,NA,NA,NA,NA,NA,NA,NA,NA,NA,NA,NA,NA,0.8002952645,NA,NA,NA,NA,0.2087925167,NA,NA,NA,NA,NA,NA,0.0823517627,NA,NA,5,5,0.223606797749979,5.69444444444444,1.0995745393171,1.21088700722522,0.64957264957265,2.85365853658537,1.52418473121254,3.81,0.677115092495248,2.63621970002416,0.412599201005574
"Sample81","Sample81","1","OSU","2013","3","0","2","2","0.2","3.2","2013.3.2","OSU.0.2","2013.OSU.0.2","3.0.2.1","2013.3.0.2.1","Crown","1","OSU.13.CR8.0.2.1","81","1","11","A","Crown","0","1","1","0","0","0","0.0944777658",NA,NA,NA,NA,NA,NA,NA,NA,NA,NA,NA,NA,NA,NA,NA,0.6497549669,NA,NA,NA,NA,0.5372838962,NA,NA,NA,NA,NA,NA,0.1867540778,NA,NA,10,17.5,8.08470778692712,21.5373961218837,2.4648160441533,1.93614700983095,0.8096,5.25210084033613,6.17746066936128,6.72,1.24786686676573,4.32368940933605,0.986454290501067
"Sample119","Sample119","1","OSU","2013","3","0","","6","0.6","3.6","2013.3.6","OSU.0.6","2013.OSU.0.6","3.0.6.3","2013.3.0.6.3","Seed","1","OSU.13.SDH.0.6.3","119","2","3","G","Seed","0","3","2","0","0","1","0.0944777658",120,40,NA,90.6470588235,172,NA,770.5,4623,1.6986631158,10.1919786945,56,51,1.275,90.6470588235,115.575,0.6728410596,0.6728410596,NA,NA,14420.881662425,23.0846988304,NA,NA,NA,NA,NA,4.158991813,1.363324213,NA,NA,34,55.8571428571429,13.8747029842055,78.0521061602143,6.87671910150222,1.119052242134,0.389936145935249,1.63917267567513,7.67319837741171,4.98,1.39247617537605,1.77522527283871,0.465287475405157
"Sample82","Sample82","1","OSU","2013","3","0","5","5","0.5","3.5","2013.3.5","OSU.0.5","2013.OSU.0.5","3.0.5.1","2013.3.0.5.1","Crown","1","OSU.13.CR8.0.5.1","82","1","11","B","Crown","0","1","1","0","0","0","0.0944777658",NA,NA,NA,NA,NA,NA,NA,NA,NA,NA,NA,NA,NA,NA,NA,0.6728410596,NA,NA,NA,NA,0.0731066473,NA,NA,NA,NA,NA,NA,0.0306428851,NA,NA,10,10.5,1.27825215486952,10.9780524184956,0.937047422897519,2.1116308425056,0.8625,7.27272727272727,4.27960744087625,7.79,1.11278157258414,5.87577620128675,0.979479683531803
"Sample80","Sample80","1","OSU","2013","3","0","4","4","0.4","3.4","2013.3.4","OSU.0.4","2013.OSU.0.4","3.0.4.4","2013.3.0.4.4","Crown","1","OSU.13.CR8.0.4.4","80","1","10","H","Crown","0","4","2","1","0","0","0.082223072",NA,NA,NA,NA,NA,NA,NA,NA,NA,NA,NA,NA,NA,NA,NA,0.7380993377,NA,NA,NA,NA,0.2241472105,NA,NA,NA,NA,NA,NA,0.0878336473,NA,NA,13,14.5,2.22071458676302,16.8496212475451,1.89533630766067,2.20159332846649,0.858131487889273,7.04878048780488,5.63251661733315,8.1,1.12366643743874,5.58566179389495,1.16070513015227
"Sample121","Sample121","1","AS","2014","1","1","1","1","1.1","1.1","2014.1.1","AS.1.1","2014.AS.1.1","1.1.1.2","2014.1.1.1.2","Seed","1","AS.14.SDH.1.1.2","121","2","4","A","Seed","0","2","3","1","0","1","",20,18,NA,136.2916666667,181,1,2201.9,NA,4.85,NA,NA,24,1.3333333333,91.7458333333,122.3277777778,0.528999622,0.505555203,170,119,29831.7658741121,8835.7885862424,5157.5699687688,171.181858344,29.6187246291,58.3713600481,1.9373693324,4.4746935198,3.9462944649,3.7125293255,2.2359873908,61,91.6666666666667,16.9391416699247,83.7631103074141,4.22571773746681,2.65374633717304,0.904235677742171,10.4423022731542,11.4912739271876,9.88,1.38008929589591,7.25051900423398,1.53622587805304
